https://www.youtube.com//watch?v=9JvjLI_WJTo,160,mp4,115,/10361/47931/50278/63922/73873/53132/56406/72240/72738/72806/54333/70897/68912/71218/74232/74492/74596/70289/63435/73505/75112/74786/71650/71324/74589/75777/72551/74753/78452/79511/74341/73242/72961/72822/71976/72959/73222/56122/69198/72805/73668/72980/72849/76182/74512/71514/73204/69071/72847/72222/72650/72791/72949/73841/75724/74029/79077/77360/74716/73546/72957/72523/72390/74166/71939/73264/72565/73008/72409/71643/74763/72773/72050/66061/75080/72244/38042/54549/51494/40102/46124/50545/48075/56101/48727/66202/31537/49151/38695/33885/73438/63963/76039/73667/74006/44602/72183/72799/65039/53824/54986/75049/75514/73868/63763/75920/58199/56239/49984/54635/45549/38474/22458/76309/8861
https://www.youtube.com//watch?v=9JvjLI_WJTo,278,webm,114,/10936/32566/55428/57887/59067/56203/57135/61058/60703/54009/56560/59494/59355/67112/70753/65259/67797/61462/60237/66825/65955/62758/65863/63408/62941/63013/66397/66266/64348/64113/65505/62267/62795/67986/63609/68973/61584/48116/59080/58328/61207/61507/63250/59105/66501/67158/63329/60394/62331/60326/61582/62174/62152/58457/61338/63106/57450/62754/65505/74327/73036/64879/68080/67495/66148/68187/75653/68703/62970/67760/61188/60548/59950/57650/64845/72152/33893/58291/62232/55769/59118/61303/60478/61124/58292/46166/29392/51816/48445/37605/60189/58699/59115/61735/63503/50818/62193/59821/56618/50938/51203/61200/62356/61680/60177/70609/55156/55587/56234/51811/39635/38717/23182/55988
https://www.youtube.com//watch?v=9JvjLI_WJTo,133,mp4,115,/33097/110744/122663/150772/161272/126697/136536/159293/158209/159660/120042/158884/155003/157990/163366/164183/164630/164783/152798/161644/167726/161469/160661/158485/159069/169435/167435/163141/165487/166774/160324/169546/160098/162094/161267/161347/161720/114110/158406/154833/157087/160534/158502/168834/159699/159923/159658/147743/163884/163776/160069/161488/163279/160385/160608/164249/147676/168901/163565/161601/160154/159346/159786/159860/160536/164605/161322/161335/163491/160260/159577/162738/156953/147317/161768/163648/86131/123883/120188/94846/111786/121145/117537/133036/117408/147028/74803/114735/90153/81022/147200/142052/165729/159684/163501/104769/157164/164994/138441/122162/124397/167084/169088/168256/139559/170062/124034/126753/107296/117396/105484/84931/50994/166841/16342
https://www.youtube.com//watch?v=9JvjLI_WJTo,242,webm,114,/15338/51428/90329/109309/112481/83309/91270/107238/121969/96959/77088/82852/82029/147657/152370/142643/146644/122984/99085/141831/146806/131963/134402/129520/123563/136920/147554/147166/137713/141730/141447/136079/138311/144613/141635/142869/134242/73919/78633/80309/87693/88513/114165/118761/145512/148324/137457/103958/115310/92491/92004/133664/124851/111340/103165/102873/80370/135184/141640/163891/159093/143213/148215/153738/144324/146420/171265/146926/127983/142024/120948/129671/115880/105300/140360/159728/41760/98715/117229/87575/107695/123731/118521/129292/107400/80144/36911/68404/60519/42508/107154/104617/127084/129725/131586/79730/112663/98764/102276/76254/73462/93548/130860/120887/115022/130852/89744/92729/78046/80665/55778/51732/32447/105997
https://www.youtube.com//watch?v=9JvjLI_WJTo,134,mp4,115,/94685/221036/242768/293340/356354/251213/259404/342652/354251/336402/233091/325719/336359/367653/376886/372474/375788/338437/293761/372622/371656/365620/362861/357168/363214/375792/359104/375156/380031/381319/355653/379520/369320/357231/364887/355983/310692/207624/323316/276000/364054/358486/367364/379370/369317/372205/369425/272004/363079/309330/328790/372531/384526/294264/377274/358517/274853/369063/364753/363197/365516/357981/359530/369096/357951/364549/357605/363453/359251/354845/316936/363778/293473/275238/363125/359411/170313/264148/238443/188563/206949/229324/220866/253805/213883/255635/146413/210176/173032/150499/290019/257031/368784/329232/368013/199080/328109/296786/255057/239991/232978/291116/313976/302251/253835/351221/231315/252310/203458/208140/174024/159763/144753/379172/27775
https://www.youtube.com//watch?v=9JvjLI_WJTo,243,webm,114,/34817/103489/168229/187920/175303/156131/163863/167002/189316/155090/121569/127601/120882/262324/265929/260249/261278/221754/180223/259941/260756/233559/200021/188870/190255/198234/270536/263984/239311/252565/257046/231664/241921/253874/248075/245631/197112/108601/112019/117171/126549/127295/161176/197942/260937/266595/209245/166777/162842/129083/134326/186620/172106/190096/152956/144408/115095/233778/258690/285722/272958/256436/260868/264065/260416/260581/284859/237201/177128/226494/172430/174816/161646/161194/222303/256153/81852/174742/211567/161474/197547/225719/220643/238830/194227/146752/69237/123604/108669/80468/180072/162265/191465/197299/225301/142013/166231/161389/170126/146138/129682/135015/206466/198032/189417/223013/153807/159471/140525/143196/92619/93469/57122/191628
https://www.youtube.com//watch?v=9JvjLI_WJTo,135,mp4,115,/262677/456738/460186/540449/674628/476693/481118/605428/689817/613678/419607/573533/586219/726651/709258/703755/723763/607285/535770/691593/716119/704931/703950/687093/721192/717061/702268/733809/751278/725247/687512/688759/682434/689824/687483/686471/554972/356024/549591/486694/614131/619091/690646/684994/692901/698347/695951/480835/628785/523126/570765/675388/707033/520131/728667/606648/479808/659617/717259/690037/718215/706730/706987/704642/703195/707930/686211/700436/690070/666811/560703/610010/519819/489019/701961/686053/318717/448340/448016/359217/422798/430024/429217/479826/405857/453333/290416/407159/336463/290692/533627/474161/645149/582777/668325/385164/586917/483281/444573/435692/438940/493186/554567/501364/449016/628567/407597/422285/384224/379773/328771/295443/239857/750860/41766
https://www.youtube.com//watch?v=9JvjLI_WJTo,244,webm,114,/80446/193883/288811/312198/305677/277324/280038/267378/304867/261640/200128/203708/189889/457882/491871/428196/477523/376238/300923/457147/473768/384780/306109/297477/293524/324961/487976/482685/413654/461666/443264/399851/396019/403593/394042/380327/317099/167808/174161/177349/199392/194709/250956/358432/474573/442601/344645/275016/255220/198765/204125/305180/274989/324037/232906/219732/177189/381153/418991/459049/464351/417996/436590/434560/426481/410738/487397/363422/288957/350869/270655/277042/252741/255356/354965/402996/139861/277925/336265/259921/315831/367574/363015/401160/328890/259556/112748/199972/180799/137989/304958/259190/315787/323700/374070/251259/276436/272475/286654/250378/218001/213624/300450/289820/279848/378059/238692/252182/228301/233215/144824/152992/90653/320503
https://www.youtube.com//watch?v=9JvjLI_WJTo,136,mp4,115,/612344/970132/936337/1168599/1383846/1005315/979397/1197874/1400907/1307417/881716/1152997/1156158/1403056/1424365/1423281/1420328/1204770/1056285/1367575/1400132/1424570/1374312/1415041/1443942/1478294/1443746/1438813/1445318/1412646/1400498/1405638/1324532/1348503/1319694/1378036/1094239/655690/1079171/912595/1192561/1193320/1402956/1318388/1386823/1396883/1444346/901320/1200249/1050370/1089287/1292794/1349042/1008104/1353186/1165387/875090/1308969/1426951/1372017/1414736/1418261/1438037/1380769/1393077/1397882/1377065/1386342/1413928/1358129/1102838/1216713/1020305/1007732/1440371/1315096/651803/840440/837264/698986/796658/854359/829412/954314/821301/947549/606619/748087/676584/625346/1023782/896627/1299747/1144576/1292027/773689/1130183/976728/899394/842065/873378/1008895/1123771/985113/940714/1182946/785739/802469/718405/816334/706307/618720/556305/1496932/70555
https://www.youtube.com//watch?v=9JvjLI_WJTo,247,webm,114,/223793/449730/582822/556177/529838/555739/544636/476928/535743/494991/367492/366142/330275/753905/955761/712268/908662/736811/601690/762793/930882/650740/535965/504240/509995/535957/934578/940599/767804/825873/761532/717653/646685/662129/644213/648406/519112/292209/315615/310749/351337/340460/435125/689164/803357/768444/595842/504294/428362/333964/354331/514701/452333/600706/392124/374298/314108/645603/706118/794095/774929/694610/727914/759447/726652/684789/886910/604757/486921/618319/440394/456716/412393/427034/603782/693513/289110/495365/577626/457331/553066/617707/615914/668219/577226/486545/236134/394600/345309/284441/566051/447914/542573/554687/645564/517112/489409/477611/522993/534506/457813/361622/475619/458781/449063/651749/462600/466811/462081/468791/319613/319834/223292/597153
https://www.youtube.com//watch?v=9JvjLI_WJTo,137,mp4,115,/1172802/1945555/1900025/2328644/2895469/2063497/2004673/2377144/2946703/2446192/1797181/2257651/2298774/3052312/2984490/3104576/2972515/2293923/2025103/3028651/2872478/2392277/2992417/2860128/2854034/3043312/3071873/2972113/3018593/2955127/3140034/2578861/2477293/2685411/2487900/2991628/2111111/1238060/2083098/1762270/2266162/2398171/2706403/2508408/3038351/3005557/2940695/1819021/2276896/1981269/2167414/2427214/2566333/1936182/2469118/2257294/1728041/2418967/2641412/2866837/2977496/2916744/2951756/2942969/2989071/2969619/3002511/3041168/2713340/2992082/2181430/2309576/2011158/2009016/2817621/2880683/1178787/1576779/1587091/1357503/1496650/1579654/1635336/1792938/1517986/1724988/1050360/1420058/1351717/1236895/1876798/1824940/2377260/2215609/2415299/1582529/2151977/1912506/1861558/1799936/1751868/1950367/2159958/1961652/1840252/2381049/1584684/1597828/1417720/1618944/1344746/1270990/1249175/2820954/122627
https://www.youtube.com//watch?v=9JvjLI_WJTo,248,webm,114,/577451/753021/1061031/951557/966773/992822/932977/810666/1026231/882955/648087/716212/618916/1342156/1605635/1288037/1558120/1307914/1116965/1263628/1529870/1054969/918190/931084/892685/958591/1599238/1590922/1430700/1416175/1329688/1278065/1082341/1098215/1086250/1132310/890899/467038/537959/536888/619513/631919/784138/1160555/1377175/1377221/1066931/874521/712728/589732/636927/887005/757889/1036442/715715/652150/502612/1087981/1193881/1283652/1327789/1168458/1200711/1217163/1224806/1213884/1474744/1066559/811837/1114890/741220/807387/711604/728032/1012085/1148549/525539/706830/897033/621644/796533/978207/980914/1087576/911882/745151/286237/530643/468075/377669/950953/708135/915863/949676/1113557/953029/884547/843125/897608/976728/747466/604236/711901/687877/643456/997612/738635/785160/683474/775729/458473/507484/310338/968183
https://www.youtube.com//watch?v=9JvjLI_WJTo,271,webm,114,/2581671/2770879/3564600/3574359/3914882/3555429/3348584/3617695/3937004/3684769/2815647/3049286/2934167/4528588/4900987/4397791/4773680/4177706/3899333/4305092/4787500/3918006/3663634/3766327/3720298/4017475/4706721/4821146/4322981/4589578/4361147/4252041/4049736/4234870/4106924/4352049/3730006/2444352/2699845/2529052/2913183/3010206/3454955/3738073/4675871/4584793/4167253/3252602/3259386/2839626/2991775/3915635/3509715/3441063/3310915/3152689/2504668/4033602/4327129/4502844/4518160/4519171/4507308/4525871/4437202/4437837/4612325/4169739/3551290/4282391/3308357/3650832/3278169/3370290/4091702/4301368/2496256/2774830/3149314/2461423/2805453/3188125/3179756/3671142/3169954/2883572/2169055/2304381/2226773/2206277/3030550/3009388/3683596/3668863/4103366/3290712/3233662/3135509/3253593/3043911/2982176/2838010/3346730/3147626/2961933/3688285/2695239/3030645/2611870/2889017/2437664/2634676/2415527/3426245
https://www.youtube.com//watch?v=9JvjLI_WJTo,313,webm,114,/5106446/5251949/6548739/5818336/6136912/6274694/6164029/5666039/6249463/6023302/4612528/4965910/4490955/7328672/8967652/7085751/8214174/7066490/7043503/7026039/8388269/6412522/5972158/5829579/5883522/5968529/7888752/7927166/7594301/7616477/7241553/6756940/6487327/6500998/6372698/7001426/5838582/4258285/4310468/4381090/4582922/4785780/5309591/6379300/7752286/7571843/6405258/5354100/5122716/4695596/4802321/5886778/5417601/5388145/5134449/5139963/4348946/6532747/6839600/7444710/7494203/7173606/7304588/7407737/7331915/7074272/8387304/6472861/5388502/7082276/5575898/5602270/5482397/5636227/6552557/6986933/5958430/5803999/6174882/5845526/6078879/6434253/6431047/6490959/6241684/6088292/5215544/5319293/5455758/5424034/5956691/5272865/5808731/5713412/6307896/6306034/5294616/4986856/5339701/5681341/5661590/4775048/5744683/5729262/5674403/6831350/6171935/6680202/6307645/6016066/5271475/6175306/5195632/6602780
https://www.youtube.com//watch?v=KD_ijUQ-YF4,160,mp4,142,/87176/78300/85454/80460/62211/73641/69016/75174/69594/75434/62219/71168/48742/51322/53506/53824/70413/80396/55775/76289/78980/78023/78735/63609/77922/76891/76988/81957/76090/77372/77917/76100/76642/76006/74696/75961/79097/77402/77855/75828/72462/82259/77001/76072/78472/75871/75837/79035/77672/75677/81618/77178/81546/78532/74204/75562/75844/73549/70257/76329/77137/75632/79473/77235/78074/80950/79673/81155/73670/75176/86975/77021/76843/76686/77639/79729/62000/78760/77367/78551/82517/87396/82580/82697/75363/82597/81241/80027/74467/76340/78762/71860/75979/75605/79604/76779/75333/77301/73120/78860/76777/75995/79042/83680/70166/76979/70634/74531/78644/79285/82857/86404/76892/79331/74078/75442/81430/83312/77436/74307/83452/79218/76684/76353/68640/76501/75430/74487/76549/75485/72148/76752/75412/75426/79712/63824/73784/75101/77769/78427/75744/31419
https://www.youtube.com//watch?v=KD_ijUQ-YF4,278,webm,141,/74251/72707/73609/61394/56745/58314/57105/57750/57368/58201/57086/56201/53234/53950/54360/54021/55457/59758/55684/64365/67167/72004/66167/64829/61245/58425/58417/63198/59403/62950/61643/59503/60463/61674/59937/71279/62216/60235/59185/59270/57906/63872/59116/57471/62242/57491/59229/63708/60364/61893/63909/68579/62379/62261/57597/61269/58919/57436/56486/61363/60485/63923/62034/64188/65181/68311/67861/63172/65111/62798/62108/58905/61371/61621/58015/73005/65104/62630/64491/66541/76058/90595/84442/71657/64523/63625/61352/60143/63645/58385/70347/58759/63753/65835/58388/59474/56407/60224/59943/62756/63260/69296/63155/63317/64451/61828/61806/62058/69317/60360/69860/62293/72375/73235/72534/72384/67632/60144/68270/63203/68462/61561/72628/71292/66616/69649/74931/72489/67132/58920/59713/61245/62936/62692/70923/69702/63810/59075/62127/63103/60107
https://www.youtube.com//watch?v=KD_ijUQ-YF4,133,mp4,142,/187059/177465/175480/176388/135231/165438/158558/168468/155100/173389/133012/153502/100715/107090/119057/108393/157027/165619/123667/173327/171512/173801/174067/138583/168277/155880/167078/168446/162805/175583/173904/170332/172392/166894/164691/166687/163292/174488/166605/167229/163230/173286/169264/168980/169184/169543/169877/175074/168645/166743/170617/169309/179079/167958/161783/166168/166149/163530/160203/174863/172433/168288/173238/166364/173908/172806/186783/168923/164322/165013/192243/166562/171477/170310/166715/170531/170549/171919/174043/170713/189607/188546/172106/181094/169325/182958/164054/169819/184078/165097/173069/161840/168556/164529/167762/168753/163862/173794/158270/169271/170451/169305/164481/170923/165640/165796/155755/167613/176143/170547/167771/168663/163505/164723/165507/167262/170386/177345/172996/170252/182681/174590/169644/174869/151032/168752/155831/164851/167741/167031/163675/169439/162770/157828/163837/171544/166230/175497/169119/166098/162291/75683
https://www.youtube.com//watch?v=KD_ijUQ-YF4,242,webm,141,/153858/172040/166517/130349/124080/129398/124637/125448/125399/127407/123540/117390/100868/104523/105138/103322/120447/129917/109932/142918/149026/152216/140960/143285/131581/125473/127110/130913/127170/134007/131900/129324/130569/130899/129818/140462/133320/129355/126475/124098/124310/132210/126724/126814/129717/124695/127280/134565/128174/131191/141359/136159/134128/132850/125057/130788/130059/122794/120669/131448/131057/140892/138340/148762/143457/157243/155110/135079/138706/131364/135301/128798/134925/130569/126939/156262/135874/135276/138189/144549/167738/201888/186649/156451/134641/131042/134258/131413/134484/128135/144264/124880/132380/131844/127876/128069/122098/127293/128245/135340/141469/151944/133871/135933/134980/135382/131580/134009/141194/133635/154882/139052/154265/161452/155793/146064/150939/134486/145728/135022/146628/133990/158440/149039/146681/150766/164582/152836/142046/127069/128869/132229/130575/130831/156858/149307/139027/130642/132488/137721/119450
https://www.youtube.com//watch?v=KD_ijUQ-YF4,134,mp4,142,/458842/411460/396338/326604/237495/294161/286539/303575/269515/309737/240171/272077/194590/208516/210680/214830/305024/299416/213576/403465/393200/397203/368155/275626/300246/283394/291261/358508/292648/405957/315542/338650/342503/311033/329542/398138/332268/349158/303140/299639/296935/316049/325090/308860/364226/346602/343473/355708/361935/311030/383131/360775/356708/373576/349866/350055/351034/319382/310079/333577/419560/388075/401505/381792/404392/393438/415063/396634/403977/395603/356301/310648/381593/415049/349453/401796/415219/400622/386975/386943/413713/445849/402128/400320/381214/345528/370264/378615/357086/348937/385123/283613/299746/313724/349693/318735/313364/365233/389253/389871/393760/401834/382314/385717/390677/401191/383917/381052/413141/393131/410674/387704/382886/385065/379452/381323/383508/407793/413420/390821/395550/389201/394297/403211/385421/398458/386679/382749/389452/330664/313337/306121/344238/359604/379133/397441/392978/401153/346092/396204/292405/144238
https://www.youtube.com//watch?v=KD_ijUQ-YF4,243,webm,141,/284968/312216/301827/230940/218549/228149/220851/220314/219731/227250/216001/208471/176480/181983/182772/178699/208562/225117/190172/244360/258457/286912/259571/261131/237763/221924/224737/234059/222077/233456/228149/225554/227734/230899/226633/242474/232262/224773/220268/217708/214742/234465/222133/218056/226079/217472/223310/233302/222593/227391/243104/231533/232312/230081/218694/227884/222593/214962/211108/230157/232169/258009/254077/268173/262979/303725/272800/256763/246799/240062/232944/232544/239011/234360/226397/286602/246398/237659/236851/263277/303551/358745/344658/275258/238989/230259/245403/243349/247823/223173/258165/220644/234417/224358/223030/224457/211295/229750/230708/237783/270127/269672/233712/246321/232349/238818/236226/230149/268274/252933/290647/241166/266741/275671/265233/250001/261702/241085/249285/240492/253743/230690/277790/282017/257278/268182/285661/267395/259866/222609/223294/229648/226020/233600/262372/258617/240223/229512/234811/245641/202323
https://www.youtube.com//watch?v=KD_ijUQ-YF4,135,mp4,142,/773042/748982/741998/596593/467417/542199/532566/570765/531064/579178/442313/501563/357029/371538/447200/402932/543919/560821/389054/740373/721268/731272/696481/528875/557092/535409/539434/613282/538284/715544/570314/612333/581202/576991/606392/716710/629021/646049/571096/560575/549324/585777/596332/572442/642504/603204/633840/636303/660063/560157/636532/609040/623806/637815/617061/623789/646306/569851/557839/627698/730766/686790/745883/722703/752075/717157/759321/749264/731442/712211/672901/619801/719743/765649/690690/736547/731876/725801/715540/744373/779450/823259/758705/742123/701581/614597/674447/703243/616388/624861/675424/544529/566368/550254/657343/606134/584538/674567/698403/719364/724206/723093/712541/745820/702649/727646/705850/663660/714496/735749/724801/721743/746789/693055/711663/692006/703026/760716/761788/733655/752709/667274/712302/696525/762145/711902/754667/711049/719970/609969/601260/573727/625108/627509/697962/729241/746163/724654/635351/703071/528364/242972
https://www.youtube.com//watch?v=KD_ijUQ-YF4,244,webm,141,/504741/603435/623983/438271/411661/431471/425630/426354/421266/442745/398419/361184/268487/280198/286943/276859/341920/397194/305454/464578/476114/524110/489530/479653/411208/396947/405803/415485/400992/439104/417425/415759/425239/417174/421511/447150/429046/414427/401106/393219/394399/417063/406786/401330/433952/405608/416352/427772/419470/408194/431243/422514/419425/421042/405820/420935/424165/399441/390200/424521/423107/487976/460523/520511/506776/559891/545429/503107/481087/452039/432226/441291/451381/448252/422490/509880/473383/450712/457396/482207/585796/661395/614820/474617/455630/432092/440319/445086/464443/419860/451477/396999/428812/404293/422029/412817/393297/423059/435798/456965/471920/477694/437273/451631/424000/448275/434406/437271/465915/456245/523533/447456/471112/476516/471300/460509/484058/472246/465581/449950/468537/426210/477723/475633/454579/477212/478062/478749/475411/425472/421940/422349/424770/424918/457879/463843/453513/436001/429187/443842/377327
https://www.youtube.com//watch?v=KD_ijUQ-YF4,136,mp4,142,/1514772/1449347/1409326/1184445/933367/1069703/1053573/1088246/1015110/1069959/810240/981932/682710/684948/739552/719856/1025297/1073055/749654/1376459/1367889/1396546/1402045/1018293/1079363/999769/1046353/1195586/1075213/1415798/1096490/1173145/1189521/1125805/1165008/1356493/1168043/1212918/1094699/1114182/1084608/1139073/1152164/1105054/1236050/1167077/1185993/1226993/1277257/1095876/1178149/1145591/1130947/1248758/1238434/1177276/1205853/1130983/1151519/1196910/1389048/1296950/1363793/1364152/1411543/1362388/1500163/1405461/1380174/1360081/1288700/1253569/1353046/1358724/1364157/1437817/1352925/1350831/1366388/1349253/1522057/1491741/1453097/1400080/1319098/1206781/1330303/1319569/1168472/1220416/1335175/1097670/1083875/1041116/1265199/1162808/1127083/1290713/1313234/1409500/1387515/1413093/1361307/1323795/1379333/1337417/1301585/1281427/1357349/1343168/1366940/1369175/1431038/1361838/1369875/1345922/1355712/1399823/1458128/1291122/1354398/1288334/1323543/1351216/1384430/1346783/1368475/1332400/1355027/1178203/1153637/1118458/1212700/1179612/1326141/1376946/1386169/1336503/1244042/1330851/930599/404362
https://www.youtube.com//watch?v=KD_ijUQ-YF4,247,webm,141,/968036/1201781/1265931/855870/806139/836954/832353/830833/828452/860068/795860/659036/465259/497958/488397/479842/564873/707057/521623/903725/935252/1006323/995001/924469/784767/759534/787517/808503/787943/819300/812975/819583/815903/815531/814147/792123/819348/797469/788687/771646/766842/807029/794203/766515/804074/775346/798598/813749/790995/784913/821165/812648/806315/736154/786901/816434/818231/781111/768025/821523/869071/953747/1010882/1040992/966657/1196108/1160828/1002010/946412/903302/843041/869098/906888/913451/875194/1127546/907681/856061/864411/939885/1126718/1316023/1292266/934083/866599/827106/853045/866059/875352/850491/878065/781690/823305/764708/828871/813675/778553/822997/859574/902363/955840/967096/868616/870299/737666/876798/859188/856091/940763/954031/1104918/877657/877719/914903/867118/867404/945877/919952/884793/861755/893826/762563/939548/928129/881108/896027/924051/903277/882025/820069/811211/823500/804452/811256/878581/862966/864730/846537/835324/851385/685514
https://www.youtube.com//watch?v=KD_ijUQ-YF4,137,mp4,142,/2911106/2939942/2918146/2079529/1675481/1873579/1875735/1922534/1819341/1932063/1492695/1740047/1322104/1283565/1408419/1309709/1910444/2081752/1377188/2849424/2898658/2895060/2803560/1973620/2049920/1943285/1944712/2164664/2031927/2404791/2069076/2215408/2159890/2134123/2246619/2502971/2121684/2177195/2081301/2012526/2104664/2142780/2156042/2056554/2255562/2152339/2244992/2431137/2384818/2149778/2293621/2127394/2111121/2211481/2283583/2154761/2265432/2129667/2122301/2232531/2805311/2754956/2773273/2877009/2967663/2838901/2984338/2841661/3033911/2855306/2460847/2495544/2906381/2892304/2672602/3012567/2894493/2619954/2673929/2866331/3082499/3112833/2941724/2968231/2451172/2327982/2438841/2636238/2189700/2299542/2458454/1987265/2053822/1924024/2319908/2107759/2026243/2395939/2569430/2924330/2791436/2853822/2602469/2664391/2421282/2707291/2540355/2305219/2814389/2801857/2966701/2905656/2947153/2765193/2867729/2622209/2819166/2698698/2840387/2427121/2640280/2357812/2844204/2558139/2794934/2721882/2798957/2722286/2693107/2279470/2179402/2080722/2166074/2203698/2756199/2836207/2684624/2556429/2314954/2548096/1653997/551503
https://www.youtube.com//watch?v=KD_ijUQ-YF4,248,webm,141,/1405162/1854472/2025064/1377771/1340094/1367140/1378218/1369322/1357649/1397246/1297812/1081993/751700/719607/748782/691174/923701/1204268/817586/1473021/1466485/1504709/1492843/1463661/1304134/1275916/1301122/1327072/1336100/1357053/1344759/1356498/1350592/1338970/1353384/1320819/1353969/1349107/1308151/1283884/1280286/1322572/1318278/1285881/1328432/1293432/1326059/1352089/1304453/1282701/1344931/1304106/1326290/1222243/1308233/1347903/1349089/1310502/1291273/1358087/1422245/1573007/1669896/1694081/1482974/1895430/1870709/1571099/1506630/1432400/1432586/1445853/1461242/1500493/1432670/1732162/1396982/1364004/1390589/1508506/1725127/1958781/1905699/1417860/1398604/1354203/1392412/1401111/1393773/1402269/1458399/1305111/1329626/1258116/1390865/1346912/1304042/1362943/1372786/1417685/1633993/1490324/1374603/1407296/1224667/1410892/1403088/1325723/1434579/1718491/1762226/1396963/1412859/1416837/1368125/1364914/1537983/1574020/1408322/1410009/1420379/1277198/1434212/1405188/1384701/1414990/1419870/1389694/1390258/1365540/1349529/1330016/1301840/1333706/1389022/1362635/1375719/1386657/1375522/1384181/1179197
https://www.youtube.com//watch?v=O9DbanexQqA,394,mp4,171,/34926/41611/37093/34973/34514/33292/43876/34886/40371/51261/44007/42274/32153/43183/30132/44185/46982/43965/38646/31406/38577/27233/41314/42973/31232/36658/45729/44475/38152/44258/45866/34921/30893/42313/45342/43040/40852/35498/44464/45329/31390/43486/40215/45871/42740/44911/32149/40743/38915/33170/42622/46605/37500/39437/31853/40307/38081/33280/41175/44180/43736/44176/42422/46476/44924/40581/37187/40028/41475/46162/34660/41399/44148/38812/49687/51099/31467/44948/41307/45632/52835/47285/43967/44542/41279/34023/39660/38375/41822/38411/39783/39110/32930/32971/41817/37491/38593/30968/44652/41444/44847/35466/34022/37527/42825/34565/38568/29905/36702/34632/39914/45120/41259/44768/34411/38925/47868/27460/29701/49284/40700/46015/46868/46520/37459/38857/41453/40788/35969/39211/44321/49061/40091/44360/32378/30003/49101/32202/36128/44053/31610/36557/46321/44443/37440/35784/40426/31980/46101/43992/42624/33865/37606/36981/31282/25129/37732/30928/40455/30553/31445/41445/37278/38505/34911/31924/48466/41263/38429/39842/31456
https://www.youtube.com//watch?v=O9DbanexQqA,160,mp4,171,/44924/62015/76437/40303/40369/46649/61351/44325/50989/60839/51132/75555/33861/71376/42445/78575/76988/80626/46833/32281/42923/33268/61111/63373/40572/48533/67427/70088/52937/83709/66478/46742/43514/46671/60873/60691/52508/34810/59921/61061/31959/55870/47977/84739/58508/76784/37603/79945/74250/36423/53313/56513/48736/54948/40072/46160/51939/27743/83289/72745/56306/56450/68496/54742/71532/46574/53401/59268/62399/74857/52742/73391/62125/73964/81258/77759/36067/64720/62996/80319/68340/85520/65509/60046/53239/47691/87689/46287/54907/34359/53474/33196/36713/29615/47189/55701/58561/43314/58282/60829/68760/41484/32399/55150/47919/36981/61747/30815/41313/32279/36572/60682/62061/57686/33316/40186/58886/27096/28190/78260/51822/75240/63764/70887/71888/39455/72768/80881/34678/71865/56032/73554/48086/58254/39129/40162/75495/42901/43970/61228/43937/51282/63989/62686/55839/35592/49570/40978/70100/69318/57382/83356/72404/83390/39152/33030/52750/44542/53822/43368/36351/57775/43457/51984/46157/37771/73694/57790/90846/60449/45041
https://www.youtube.com//watch?v=O9DbanexQqA,278,webm,170,/43742/62835/71286/38431/49157/42112/57700/39086/51485/63337/54736/79938/35707/66605/35292/72585/72835/80289/46125/38548/48440/35634/57457/57607/36524/44473/61659/61951/48148/77122/61429/42139/38345/50311/63086/71173/57304/44353/60326/59394/39574/56114/56985/74395/56045/69367/35468/75177/72400/50315/58515/68051/49189/44312/42886/59171/53219/38862/77540/75308/60033/71252/76449/52765/72203/56103/49171/52339/54908/69706/47713/75212/56529/65972/71437/62994/38264/72820/69452/70337/65582/74824/59040/59004/49184/43777/73934/46173/51992/53121/73269/50464/40526/42179/62939/76021/62507/38274/60040/77481/72274/40103/34972/71207/53403/43167/72719/36262/45247/40517/55445/69911/70498/63784/39179/63517/59355/33362/37543/68726/49512/68603/63184/68596/79936/57684/74686/81147/42040/83239/50839/67032/47473/69905/42703/36666/67645/37006/44264/52880/36600/46380/56555/65206/49110/36653/48082/36540/67051/62114/58710/77680/76677/75954/44481/36472/49309/45577/56446/40274/40136/55944/42841/56540/40235/46643/65944/53196/83033/59565
https://www.youtube.com//watch?v=O9DbanexQqA,395,mp4,171,/71691/91987/117857/72397/59439/59174/97127/76927/70212/119381/105699/135842/73124/109591/49354/108884/125752/134050/63529/48778/56852/42351/79266/89173/50526/61761/107888/101119/66313/131308/92964/55801/46761/70811/88465/111431/77653/52390/92136/97184/56742/84426/75029/127827/82768/125682/54917/126559/125827/61323/87985/104407/66268/63218/56872/78427/72692/54386/132930/129621/84812/104505/127703/82014/117426/77007/68275/72511/75453/117418/60806/113684/94497/107021/120644/124716/51081/106269/100308/118014/126892/131560/81270/83622/69649/52895/129068/57454/69519/54856/93078/48793/52037/47956/79068/113000/112948/53547/86036/127474/120855/62981/60541/116328/79174/64443/123355/55303/66345/55938/70283/104830/116508/93179/53937/86883/81326/49776/54000/119352/71000/115102/98587/109750/114605/68621/112066/117146/53855/119500/76734/123327/63779/106591/57221/48242/119675/54774/59712/78839/54773/67259/98777/94390/68347/80837/100073/50009/116403/89544/77045/117818/106640/123970/51892/42413/62929/52982/77659/54039/50556/79626/56436/76672/52565/57472/112959/70717/119146/79318/58118
https://www.youtube.com//watch?v=O9DbanexQqA,133,mp4,171,/100582/104443/127012/90758/63906/89407/131400/98110/90094/137572/117669/168195/78892/147989/76178/130657/169206/181108/104343/61855/84708/66016/99988/113878/76176/95174/133176/119879/96886/167836/118947/76813/70936/83408/117009/138592/86666/59099/105280/115433/51699/91571/89651/152253/105305/141549/62548/140766/135936/64783/101948/102715/85951/96223/76653/86709/96085/47399/154655/131993/100358/95943/122035/94106/123350/92257/101419/110636/109257/134157/85022/120473/128057/119105/146916/149307/60797/110235/101764/137041/149061/179394/111680/104655/93447/93141/145056/90784/104017/74652/108331/68817/78796/71999/76320/89217/95944/74074/98128/99624/122777/67888/57713/89495/80405/67932/102094/54380/67839/57349/57414/100893/103140/94090/59542/66532/100366/45101/46520/132190/91656/134429/109780/118341/118843/65714/120263/144532/62169/138709/145386/170625/94191/104107/73733/69936/144723/84958/75046/118799/88133/96679/126107/115609/102710/87334/108332/73979/154032/121547/94925/165352/123185/146525/65093/53433/92275/73573/89766/76891/62532/102872/78776/89030/88374/63339/141888/102693/156015/99553/77936
https://www.youtube.com//watch?v=O9DbanexQqA,242,webm,170,/99461/148887/180385/88199/85823/99502/134431/97484/115862/147872/129375/186675/81283/156938/89084/169520/168370/185836/105654/79354/106073/83140/133349/136881/86548/104430/141533/148399/114433/178945/142820/98854/88066/115377/134265/145984/119861/96587/140942/149324/82429/128226/134880/172417/135106/167163/91448/175249/192232/116483/135236/153856/113977/118980/100053/138674/124319/70493/187854/173903/142420/139246/178435/126933/172910/130133/117851/116098/130744/164171/110992/171974/136197/165697/158948/164756/88730/170519/153959/171732/152635/187291/134322/132708/107073/101958/185740/107773/121037/81094/117252/70559/85186/70666/107650/145883/139825/98527/146794/157600/171713/107814/86187/133432/127711/103393/164001/87559/112149/74706/97032/154945/149600/141077/93765/101968/138247/83866/92797/160979/126764/160386/152752/161387/167350/121034/175170/187515/90941/161874/120000/157315/105457/140518/98764/86591/160010/87962/98426/125176/94162/115929/141530/142498/117898/85635/111101/83977/158074/143681/134845/181479/179512/166941/107440/83377/114918/109947/134267/101831/89650/136042/100154/130729/93815/102091/149862/124266/190113/134659
https://www.youtube.com//watch?v=O9DbanexQqA,396,mp4,171,/149165/197939/226057/127793/126843/135155/179100/146511/150060/211969/171629/261023/128176/239382/122120/255090/246078/261017/152726/117830/141483/105379/177894/186317/120237/138846/191249/205022/151364/274092/204056/135182/118955/171753/194679/200460/158165/122652/179157/182273/115176/178591/175149/285326/168947/274336/122774/263927/208432/154617/194344/213006/163399/158212/132308/171968/162344/106200/242926/271032/170118/202291/244048/178184/248632/173479/156545/160805/175531/260467/153385/265064/197028/256069/272833/255340/122994/270541/245979/272767/204156/277338/162665/186402/155848/123752/239741/138674/142638/97201/163318/92817/114925/95421/174223/233477/186097/121321/181286/200346/254121/151993/133415/219418/183407/145229/246431/119894/150051/114771/157337/225721/247988/198213/126459/200624/186499/116297/131808/235950/163717/227181/218340/237762/195180/152063/257422/244134/130105/222408/164221/228933/140832/219745/137880/108400/224843/123447/140023/156242/122511/148235/186503/178475/152177/141850/152089/114454/251579/179703/185669/254947/233940/219102/134081/112141/141898/131934/194653/131254/117017/184362/130989/158489/130113/137669/218253/165510/224411/167762/145436
https://www.youtube.com//watch?v=O9DbanexQqA,134,mp4,171,/205179/209382/259127/216178/120248/166711/251397/201212/175673/338512/309593/453207/210091/293738/151673/258514/310278/354939/198049/139532/164529/132784/198912/224023/152212/186043/262026/241448/189058/352287/238347/156701/141755/176328/259140/280885/170702/104567/193041/223520/91521/180614/164342/277119/193458/255683/122327/253532/244499/116246/190925/188566/157500/174074/138680/162075/174073/86188/280392/240094/176502/185546/221110/171584/220523/161999/184313/199043/214657/272112/179219/251783/257301/247496/283724/295008/125979/226336/214317/273771/288947/367620/222008/209300/180064/168403/319553/179559/202219/139070/221413/138624/165616/134557/150477/171382/188073/141857/188862/205968/243958/138738/117835/173542/157980/138967/198532/97136/131916/102979/111538/192657/206667/175452/110054/142756/194355/93477/96386/237971/180616/258670/225163/234262/244123/129186/245889/302978/135917/274098/310583/327217/180728/189297/127900/135103/256555/154701/136061/220919/158519/171603/230181/211897/188521/214817/228596/135112/357605/237342/197395/322067/249844/290808/140415/110682/179748/150388/181563/147765/122960/203395/152636/185453/167011/128275/270354/198825/304963/193937/149843
https://www.youtube.com//watch?v=O9DbanexQqA,243,webm,170,/186304/283797/343577/173625/146100/183822/242796/182249/212830/275749/232602/340632/154094/288954/163169/311197/309052/341469/194145/141502/194814/152191/250303/250344/159584/192965/265808/272286/210591/326742/260189/181124/164593/215189/231055/244413/206570/160114/256081/270919/135962/229033/248664/311581/250244/307033/161883/322230/349820/212582/248660/258961/208730/216314/181320/251332/224149/119276/344421/318339/255829/232531/324970/227876/309082/237273/216161/215035/238800/301799/198683/321693/249977/277450/300956/302618/162329/315158/299107/313963/277891/341918/214444/243760/195835/182280/341305/197749/225021/137991/206394/122305/152004/126054/218142/269295/259544/182576/269922/306029/312060/194837/156688/270853/239247/194888/301713/152602/204783/145322/176837/291524/285356/259487/166108/216695/251875/156054/157800/295495/227848/295413/282252/293585/327945/233168/321442/339319/163378/288820/221380/288262/172732/240316/180850/159028/293267/161424/189898/232620/167999/203405/252304/258592/213772/153853/203213/151687/289092/265815/251231/335071/330814/318099/193896/155678/208511/196372/256101/188680/172691/264465/181291/242994/181710/191341/285752/229292/342606/238730
https://www.youtube.com//watch?v=O9DbanexQqA,397,mp4,171,/267836/325732/368629/234985/213949/243193/348995/294496/304405/401322/347120/449009/255915/395752/252833/396957/418822/434512/291220/197927/282862/212952/316256/346580/245563/288682/352932/362008/333929/421781/352809/284500/226688/280247/315028/338659/283705/212147/316162/369701/190785/322890/323638/442493/325020/399411/223137/384486/361121/281911/380021/360364/300321/284470/268165/341562/336323/173697/390499/404474/339209/340117/396463/339541/390282/354901/321108/299340/332562/380856/296990/394036/361621/379201/420994/395597/260070/381610/374099/403923/407710/426747/316153/354555/265136/267401/424807/287169/295647/167457/273062/158795/200672/156574/330959/374229/360310/234721/348522/377353/396719/289883/233360/370940/331854/281831/397794/204646/264712/182884/271823/389143/390471/358539/218531/345743/319944/219716/250579/348157/320605/377215/374257/355174/334565/292623/393001/392948/230407/337948/318967/391600/237765/358721/257237/212125/384277/258200/269991/323176/249352/298108/356485/334858/309789/271310/304222/223349/397916/337616/324143/378875/374598/382245/250949/218096/255902/246819/319972/254945/230908/303687/234264/303660/245798/261720/330688/321736/379066/312942/265684
https://www.youtube.com//watch?v=O9DbanexQqA,135,mp4,171,/355936/314592/408655/401947/177388/267794/441418/344636/275706/580410/536400/737917/357217/505476/234249/409504/528449/558742/313961/250573/279282/207727/297499/337590/244494/295936/393398/356443/311820/527955/390897/230329/215439/266463/350261/361939/232157/154222/300962/345135/136876/256897/245182/457441/294309/390993/210063/407311/373997/173403/296746/281606/255082/286280/211390/246959/293730/128168/421108/366896/264157/273207/323805/263862/328335/245604/277641/297697/328672/414646/275742/388000/381142/381466/473246/428725/205257/353751/343320/449037/490069/536134/341019/329084/270491/271124/506408/312899/379481/199870/315266/188711/213290/189203/255003/255729/279713/212208/285200/306025/366397/211029/177192/261039/235265/210967/301800/146327/202767/149610/170136/298289/328559/266108/157936/218946/292015/144953/148666/364028/283148/441011/353743/354792/370203/205967/390725/472469/204795/408738/392380/569278/270312/311696/191290/202589/416008/255652/195113/344583/255513/266263/378938/312843/280715/376105/374072/207490/555287/364297/302721/536074/381159/447710/214552/165338/275392/227054/283430/245562/197880/320858/228372/297681/250124/205006/432258/316983/476452/303836/225870
https://www.youtube.com//watch?v=O9DbanexQqA,244,webm,170,/335580/431603/570745/284418/240997/336104/462827/320057/340450/492487/410398/628940/282606/515116/292696/565028/569934/594825/357898/204568/242634/284527/388110/406240/298142/312271/492802/454122/348575/594621/480752/333339/248000/313470/312307/314424/304971/171007/383050/415192/210910/334951/460538/489516/338049/495101/233147/509118/532509/401603/354836/370017/382820/353662/333331/336946/347518/121425/641221/468336/386311/353194/467015/333333/465055/322982/312934/346457/377766/522336/376201/520092/441314/526271/537729/440833/301674/584682/489243/558522/513227/582871/402213/464897/304048/251343/509997/367911/414830/165038/294052/144258/201254/149484/319632/389806/462198/232523/399204/445848/574132/297819/201623/392112/343764/308298/461939/208918/380473/223040/302263/432743/447073/367460/230022/336107/342862/288671/224213/487339/438029/551154/524027/481782/506970/422711/471824/546521/219249/472884/410639/475308/222013/373903/275056/198042/447077/243979/274633/383630/281807/287462/423311/421374/305840/271754/376616/279638/503351/491357/413476/581777/601759/619992/342178/276305/385382/361376/387697/359028/320459/429801/278341/450229/336487/346992/533624/384418/557506/437423
https://www.youtube.com//watch?v=O9DbanexQqA,136,mp4,171,/1272840/1282591/1834078/1019520/567157/981881/1763791/1232078/1158556/2122649/2065480/2961246/1320664/1892945/951321/1870278/1844851/2414963/1367663/714061/944416/771895/1237266/1356998/860110/991468/1477512/1438331/1087301/1800327/1414011/913718/858023/957119/1211216/1164912/856460/561442/1082765/1384832/494710/962589/1020397/1526777/1048409/1575780/631709/1461775/1528805/775279/1226179/1013062/844973/959804/861845/1058733/1052412/466487/1678296/1520558/1081938/930022/1333158/969328/1239096/1016189/1094154/1143088/1341886/1751279/1234338/1778860/1575767/1769262/1660585/1347269/904269/1524105/1602347/1804030/1762500/1762261/1079423/1203404/1072272/957606/1833442/952187/1091267/702131/1184641/669649/762644/680672/952125/987934/1138280/781873/1085302/1254042/1414636/735820/592226/1059107/922307/828371/1175666/493925/828163/490760/704723/1200228/1300396/1054074/587575/951913/1101701/611614/615872/1544773/1180251/1516276/1513981/1430120/1567560/978519/1816355/1949655/946878/1514641/1247199/1793959/869209/1140205/698929/664385/1371850/889721/738049/1115685/810430/987737/1273671/1172822/1071094/1381750/1215058/664947/2100371/1557826/1373394/1954772/1760216/1953085/994092/744849/1145159/1051415/1358391/945812/920997/1478170/968517/1397200/1062724/1002263/1821880/1396594/2127946/1425768/915326
https://www.youtube.com//watch?v=O9DbanexQqA,247,webm,170,/652652/992410/1296354/579213/525982/656215/923786/651532/806657/980156/866572/1278161/547497/1067050/585382/1138922/1135283/1248000/710194/468240/671828/494888/922746/905199/595693/716711/966503/1006298/770216/1194373/933723/651064/597801/755942/760106/728160/677721/488560/803381/911004/419124/780721/893256/1026488/821344/1059681/538488/1091812/1278355/709769/859346/851529/748832/796484/661617/902731/816998/365961/1264996/1152812/916848/745111/1160568/769171/1101556/854051/802776/810060/895363/1101916/747024/1174326/904607/1131372/1076877/1046020/603705/1154597/1083552/1140930/1008387/1242263/847023/923423/741666/671853/1307502/604066/654350/437329/682850/379262/509287/386916/827791/848588/987086/599081/986703/1157065/1126778/667121/544447/924970/854474/667922/1063262/459822/695973/413937/663505/1030165/1039438/900353/526982/858321/848774/535688/594054/1121288/859819/1091928/1005050/991577/1271943/831867/1199617/1232989/634588/980335/799039/1052432/514110/901410/627053/566897/994134/577551/654939/815776/566583/728383/914935/925522/775267/571999/753055/541196/1067963/978332/896809/1213015/1205068/1310824/713677/575200/756606/711783/939007/708233/635878/924445/683323/892647/657326/719109/1052028/827977/1142214/917008
https://www.youtube.com//watch?v=O9DbanexQqA,398,mp4,171,/861099/1162564/1541867/706877/506511/712191/1238101/838797/1088121/1324160/1186121/1628699/638307/1377443/662348/1445930/1474733/1571960/995114/545494/799425/552306/1201656/1221592/668904/956370/1284732/1335158/1103278/1553980/1248498/801074/647161/877542/873163/894958/765841/556199/1074984/1258619/488490/970275/1057009/1444149/1040800/1459619/621025/1479308/1583496/838178/1246254/997285/895842/975357/823531/1152984/1099444/424548/1613840/1493340/1142010/826949/1443099/960881/1266777/1097004/1132405/1115120/1155175/1405719/994942/1464421/1212210/1407181/1495890/1334047/649807/1453264/1387296/1465919/1391000/1584129/1049869/1209509/857737/800537/1512654/722930/816957/449905/789775/396423/540676/421506/954504/1024097/1100555/686033/1133065/1345054/1459811/779713/613882/1124676/1005514/858115/1212989/529027/777382/502369/725225/1273395/1324027/1054523/591603/1018681/1157634/588510/630391/1401485/1116145/1323140/1274495/1242316/1390398/931661/1527633/1527592/708970/1173092/1006366/1388563/621867/1046583/728806/584432/1317664/717937/718344/1109823/698908/1034388/1296766/1156178/1076547/672362/1038203/612406/1391486/1169990/1168284/1427293/1450654/1450215/912876/578956/902018/894535/1212785/866156/637850/1170512/702207/1047088/697014/857357/1277659/1071809/1488367/1027573/916380
https://www.youtube.com//watch?v=O9DbanexQqA,298,mp4,171,/708032/638575/884635/641991/369297/498281/941350/722584/587337/1166915/1039621/1435397/649937/948782/466847/838515/993988/1189328/652521/433867/590519/451700/608961/709132/523868/638960/793694/748635/598819/1081869/735205/483924/446129/523307/756688/706886/495912/321475/606746/698013/273560/549791/494975/900941/628326/790177/397242/757922/737272/348673/603521/549972/467628/512516/416062/523628/592802/263768/818166/759756/528547/516826/667493/499138/621925/488389/549230/597590/668149/848973/559538/798499/756090/768862/928786/900541/430780/729176/723961/901170/896343/1039527/686815/638385/573687/593885/1072488/605942/678463/448948/688598/406477/450109/417957/489704/525122/589644/411446/583327/638147/737593/400597/330842/539773/483631/411547/608573/301716/420507/300706/342517/604389/657044/553020/326016/439281/578418/293530/305179/840659/582616/826652/704494/708543/729227/417340/834871/967379/487642/938716/709343/1108206/550984/591679/387121/389698/757208/476307/391313/675644/456503/496970/670140/622124/578739/808889/715733/398856/1187288/792921/604220/1046885/759023/881854/431498/341106/569234/448313/574778/452421/421166/658081/447899/610358/535939/436637/931927/638626/995757/612464/449990
https://www.youtube.com//watch?v=O9DbanexQqA,302,webm,170,/1126740/1133899/1665498/804292/432886/1113904/1590027/1117234/1060825/1738783/1478017/2255717/988261/1652395/916191/1972948/1968575/2117613/1255060/469192/691486/812299/1116051/1247157/1009951/857906/1733091/1355740/1026138/2035311/1664852/1177758/793506/752387/737221/708932/675474/461345/910405/1224814/395751/863534/1375026/1242828/836219/1420771/570189/1312349/1344162/1026837/1078094/817076/1110697/848439/1132901/877537/906571/329919/2281329/1252492/975184/707866/1149845/821520/1040057/950676/990536/1038475/1263838/1653501/1296748/1624588/1502239/1587670/1491148/1219130/1064770/2055753/1442183/1606490/1750368/1536104/919779/1579676/831887/708023/1322118/962731/1082663/400810/676598/348503/482105/376335/788553/795277/970367/700694/970032/1209702/1827394/657039/555074/937184/881323/729202/991305/436745/1050012/391994/607593/1047390/1162533/909445/569601/786035/997370/913057/552968/1415277/1498742/1891531/1834844/1304768/1406417/1319131/1806119/1826654/635937/1005297/1263900/1302277/527574/834314/599012/553567/1246339/875636/635270/957522/775296/880063/1186241/1034308/945247/961249/1299635/884939/1783467/1749938/1203737/1692533/2136255/1710106/1266748/993366/1093902/1084932/1131158/1229963/1115209/1237734/875653/1591617/1153530/1229751/1776176/1255817/1741827/1644343
https://www.youtube.com//watch?v=O9DbanexQqA,399,mp4,171,/1824620/2280477/2903719/1570681/952844/1616269/2315249/1853113/2055479/2493217/2203388/2989417/1551620/2571621/1574408/2766666/2713259/2928249/1867231/1062008/1543888/1350282/2292987/2309837/1547053/1825690/2444086/2508580/1993214/2846274/2354951/1749664/1542376/1689809/1671498/1652376/1372452/1029181/1996657/2323172/865639/1738977/2051851/2624451/1845163/2726208/1197701/2748088/2900014/1618636/2316017/1835835/1639394/1941223/1637486/2235103/2035232/751128/2994309/2748048/2123566/1605660/2770787/1771366/2376782/2070246/2094641/2111681/2223050/2623283/1909851/2846659/2265393/2691317/2744063/2486021/1607718/2757183/2646449/2736680/2560483/2924032/1933936/2312258/1705816/1561807/3029882/1358787/1557414/877963/1503129/742365/1003673/796055/1816983/1898655/2084604/1392852/2079132/2596265/2687217/1472983/1181646/2044137/1908530/1639628/2208917/980049/1570488/928963/1414469/2317336/2496892/1941601/1184063/1950221/2124897/1303640/1279196/2715171/2156103/2610040/2567078/2534357/2876896/2005422/2873841/2914769/1607394/2425305/1850081/2573069/1082898/2018815/1429360/1290373/2438618/1616667/1324616/2010833/1488633/1862435/2360728/2113441/1963270/1583401/1894822/1210254/2558866/2378757/2265591/2910005/2829966/2992883/1888786/1533415/1879199/1896050/2371613/1786948/1733369/2428553/1652918/2197392/1769224/1857905/2540085/2096158/2954104/2204959/1801206
https://www.youtube.com//watch?v=O9DbanexQqA,299,mp4,171,/2340852/2345294/3500641/1897887/927371/1894354/3229072/2275732/2186956/3720195/3470687/5021345/2220311/3357054/1689946/3372419/3480222/4356481/2444333/1526098/1955667/1532323/2387861/2585606/1675060/2003462/2826966/2745187/2071688/3478314/2710872/1798170/1655370/1962567/2450963/2463786/1749569/1154455/2124012/2527297/968766/1925694/1953789/2970151/2101047/2873204/1272061/2704310/2838809/1464286/2278554/1937478/1573487/1797301/1556007/2070644/1972077/961159/3034537/2762451/2017064/1862256/2541522/1795037/2232163/1896938/1995998/2119002/2458232/3228580/2263391/3347535/2875865/3210830/3205694/2757368/1664420/2874236/2969660/3415007/3209432/3323588/2049787/2290538/2074211/1911690/3688045/1917904/2158937/1628066/2565852/1468621/1609305/1495760/1822371/1936263/2254659/1441011/2114271/2471763/2679201/1432916/1133138/2138014/1812064/1538220/2248960/1016132/1594437/1010839/1418754/2238406/2431511/2040694/1186829/1835354/2079168/1145453/1196051/3228227/2204905/2821476/2750670/2676465/2908531/1834491/3385111/3626501/1976258/3219593/2410620/3452740/1820679/2245599/1359780/1240048/2519056/1649611/1368499/2030364/1508956/1795109/2313551/2197226/2003983/2224046/2309087/1278648/3878358/2973524/2522095/3672806/3227884/3613318/1895154/1445009/2157449/1988799/2522759/1880059/1818818/2793865/1874985/2572361/2062541/1925636/3381395/2598718/3853367/2586033/1676130
https://www.youtube.com//watch?v=O9DbanexQqA,303,webm,170,/1839674/3061770/3676417/1796440/1298233/1965717/2686345/1975124/2297616/2918320/2526019/3746547/1605016/3032987/1673496/3274680/3317113/3680363/2071693/1405484/2050172/1552553/2626094/2156945/1725256/2080533/2854281/2879612/2224338/3492316/2573257/1961111/1696925/2265990/2225648/2089185/1844973/1370446/2405728/2665205/1073009/2113798/2533741/3320345/2307286/3109222/1549333/2673627/3733464/2025221/2562920/2297074/1988318/2265583/1635922/2525754/2310747/946097/3740903/3257155/2643272/2041177/3285048/2237313/2964059/2531478/2251982/2429365/2426801/3174288/2173215/3431202/2697419/3299227/3199711/3235349/1731393/3415722/3152132/3395349/2985863/3619723/2349381/2578376/2242791/1998164/2416862/1671105/1854307/1305326/1977154/1064807/1449166/1151391/2031700/2333136/2713498/1804639/2643411/3239895/3325849/1824962/1474616/2612601/2482803/1937223/2866332/1190797/1971442/1135960/1842117/2963452/3147874/2513165/1505879/2455891/2546275/1537825/1558781/3245023/2466847/3152295/3052353/2796699/3795187/2537242/3483737/3682492/2134109/3322513/2184212/2823622/1401197/2598796/1729016/1534377/2802760/1656168/1750681/2482580/1747079/2054771/2658538/2603016/2199167/1700997/2178390/1548288/2991808/2917367/2102749/2230959/3591457/3234707/2065377/1686764/1708371/1797497/2177863/2090257/1860023/2844880/1988945/2650994/1918383/2170216/3148806/1903613/3600557/2722978
https://www.youtube.com//watch?v=4mqTd_eiXIQ,160,mp4,174,/19067/21720/28427/23442/46287/37235/29499/27054/25968/28728/42781/42554/40355/30380/58820/63946/54967/27596/33520/35872/45290/26090/25824/47134/34684/29771/31963/44553/57351/65702/62170/52923/65199/64040/69555/39847/38387/38299/42755/30911/35988/36527/43416/42225/50094/22341/29111/19335/64196/66065/63533/63793/64207/65807/31787/25716/28987/34437/27773/31010/29878/37405/32253/30288/20156/35259/41199/73869/53567/37262/52357/43585/33578/43598/30062/25248/39160/40332/32154/22151/44551/50953/73148/64065/65244/47215/58257/52779/64352/48459/60764/62450/65398/47202/62397/60013/53434/55214/66618/72763/63500/69016/54638/39203/34771/42041/56754/41082/52344/38391/27314/26083/60111/52374/66086/49569/26731/22212/21579/20109/21659/17592/53746/54972/55453/67446/60280/31962/28429/60070/70404/25726/21573/27950/21096/35106/65379/43662/37440/38240/32231/34797/35173/39399/69893/58427/57113/29012/30959/54238/58062/52400/39116/45493/45344/44054/34692/36084/48538/43548/48628/56857/52731/49095/40223/62998/53372/45909/21424/21988/28029/19432/19387/7323
https://www.youtube.com//watch?v=4mqTd_eiXIQ,278,webm,173,/51888/43786/57328/57094/48261/56939/58434/59025/56769/52016/52177/50563/52491/60016/59012/59419/50761/59523/52316/60677/47892/58692/51579/56654/47383/59049/53116/58250/58305/58322/58598/58815/58330/59197/57965/59188/60069/53858/52999/54889/54434/59823/59200/54239/54930/53492/57303/48014/58646/58646/60149/60111/60414/55693/49698/54038/59544/49553/58654/54189/60756/51259/57832/51937/54217/59008/59615/61220/53865/54609/60458/47458/49791/59589/49622/59384/59172/54518/59392/47225/58548/52579/64174/62566/55007/50711/59434/59395/59643/59879/59242/64243/59747/58217/58881/60407/59195/60307/57068/63427/55388/60086/53944/59918/57044/59843/60878/59048/54936/52447/56463/48961/60263/53379/60170/54666/50573/37978/35560/48791/53515/47984/64983/56136/58870/57923/60403/52956/61448/58929/58612/37830/56231/56902/56922/53235/53969/61185/58824/59261/52916/47997/55145/61418/64580/50924/54255/59727/57000/59035/59001/56532/60030/59982/59651/58929/52847/54746/59766/57582/58620/55373/49274/58869/46109/60102/52705/50030/57162/58806/36087/20539/17939
https://www.youtube.com//watch?v=4mqTd_eiXIQ,133,mp4,174,/29734/33877/43296/33784/102556/66346/50536/39872/47727/44533/72795/70087/66339/42910/81153/121391/102487/47324/49945/59078/72532/42739/37316/78905/54436/53165/50658/64891/86721/106302/94681/79769/124724/118684/105808/60504/62327/68082/91493/65300/63456/77542/76042/70609/83124/31755/40204/35100/92472/95297/128298/124418/114751/98618/49826/36994/41333/49151/41338/46897/43531/54737/46697/50624/32568/54609/68419/113995/117572/49760/69032/46124/58319/66376/53661/39972/56151/58960/45030/31123/68460/79682/139416/109668/93054/75207/93612/83855/102208/74586/87088/101867/105710/68871/97495/94736/77149/78233/113528/119493/109365/118756/92618/59549/54152/62660/93595/57897/83810/82108/44189/43752/89817/89510/111346/82034/68759/61200/57758/32311/34818/28831/82264/109264/97514/115278/95012/46963/42344/90114/90339/36221/30322/42896/33955/58774/108801/59026/58254/83298/71835/55088/54321/62456/129796/85968/100485/47111/52403/80492/85129/78788/64652/66886/63633/60040/47044/53897/70610/68875/72319/84030/73500/73528/65655/91592/81531/77904/30643/30371/38341/20514/27109/10700
https://www.youtube.com//watch?v=4mqTd_eiXIQ,242,webm,173,/50822/45292/68903/55815/81770/77006/61345/58013/56828/60041/89103/102899/104327/64840/128762/137368/116644/66112/81121/73594/97421/59236/53273/99456/84479/73766/81359/83521/112530/134088/130460/123273/133174/136667/128611/92772/83125/95581/94514/62859/71593/75701/89112/87646/104117/51556/58192/44114/138574/139758/136744/138127/139521/136682/69185/52419/56670/63514/57587/61514/57394/74252/57859/61508/52066/77256/90342/149089/123507/73455/99359/61703/63043/90987/76665/59611/77294/86025/62733/46014/84236/107778/149605/137165/130877/104006/120635/110558/131131/98192/139042/130612/134642/99842/133737/129869/98625/102069/133073/147282/122960/139009/117723/94566/79716/94082/114495/83703/107792/82515/57444/53338/138480/124206/138525/123070/75121/57392/39583/47915/51605/46073/122906/123409/129311/136473/138179/75024/62685/129467/135141/53142/54391/58584/56556/66953/122773/83135/65397/74201/69631/80920/71627/78143/149965/115864/124605/57053/63688/114917/121080/114060/92431/88082/88296/82338/69193/76733/108077/96169/111718/123920/105933/102234/87442/139376/108926/108216/53749/54940/48826/19900/17799
https://www.youtube.com//watch?v=4mqTd_eiXIQ,134,mp4,174,/55995/60817/81036/64592/202126/117609/91546/75281/89501/82132/141235/126890/119919/80872/153967/226740/212896/81418/93500/104596/131718/73254/69941/153065/103840/97902/99343/118842/155073/205589/175779/166685/261203/225733/221981/108231/117448/127611/174138/111486/114007/134971/128378/121971/153000/60274/73360/58578/190413/174098/235065/249224/219377/184545/94583/69695/78105/87842/75537/81631/76757/100435/83351/85802/62033/98179/127338/215776/252537/91876/127060/78430/95893/109179/99981/77940/105281/106548/84164/59126/117349/144125/300603/212963/163260/144619/164698/150008/197216/149974/173647/184618/213454/128968/181336/172309/136929/138643/210182/230582/253666/242545/180067/104364/103713/120551/186462/110142/182700/138887/76424/73591/171561/177074/219290/171910/169153/153894/96798/61391/65842/53692/153273/224657/224716/228218/187894/89631/80696/169465/174229/68458/58835/80709/60979/107466/252261/106826/111440/154306/139023/103319/98521/111126/240799/157240/197067/91579/88986/155297/162461/150071/119817/111987/112653/106855/87138/99470/129916/131818/138435/169226/132133/131413/120374/161676/166403/145680/55614/56715/63492/29835/29470/12694
https://www.youtube.com//watch?v=4mqTd_eiXIQ,243,webm,173,/74591/93756/126413/90506/143065/136169/111609/100408/98921/103049/162117/188242/173928/115191/237611/247612/215943/116628/141256/133648/176885/98368/95380/176696/155168/138420/148457/147139/196428/243406/237791/221423/251374/248844/244732/155590/152181/164458/169638/117255/129675/137657/159520/154899/182896/79635/97700/64728/252561/254556/253721/251311/247636/251671/132650/86227/97401/107984/91865/105633/90965/131379/99910/118402/81933/147034/162828/271393/229742/132968/173922/112841/114251/162847/140065/102634/146124/152467/115284/85636/146570/185205/274350/239249/223837/176956/203275/184487/223598/171487/254357/226324/251295/176060/228993/224882/170716/179778/244888/271537/226981/253136/210918/162972/142814/172835/202605/150480/195185/152236/95478/91536/253961/227754/247415/221598/156155/140426/76433/84724/83216/71755/217521/223628/234388/248992/256618/137846/112877/227213/247555/102468/80322/108666/80702/118660/227108/147521/118611/128259/128565/140954/124224/136031/276117/198279/230251/104139/117874/205688/221034/208320/155807/152548/153952/146877/123630/131140/186124/172968/198541/217813/182433/180368/153123/223428/205215/192623/78058/80877/82099/20530/19435
https://www.youtube.com//watch?v=4mqTd_eiXIQ,135,mp4,174,/88895/94613/124828/101361/314356/181777/130386/116288/131251/127024/221050/184860/178980/121833/240920/350050/317455/123876/142842/148882/193406/108123/104540/234568/160635/144053/149104/175550/229032/308693/274630/238220/403148/377662/344172/163093/179483/192684/248480/150876/167178/186193/194886/182173/222280/92967/112152/79249/292312/293581/459609/377792/355356/292895/147283/107322/120569/136047/116276/123772/117956/150209/126427/129118/96559/157563/190330/344055/418199/140174/197880/119996/143062/167439/148135/122304/161581/162072/130596/92311/168501/219552/429800/339749/253185/217036/228875/230492/313229/218116/264962/277914/333121/201814/274949/264219/211219/214340/409690/369752/430579/428533/282885/155923/158540/189032/282307/169866/266765/196741/115766/108641/296428/346807/353496/318392/320256/317737/150315/96303/104774/84415/238120/344305/358702/363027/301629/141666/124728/261115/274022/108373/92199/123239/88724/168606/380470/160738/176205/203433/186290/201334/141982/178382/377167/243254/355317/143195/139857/243861/256727/239545/174701/172046/174947/162334/131773/153990/202453/204666/217602/253771/200861/202009/184646/251138/243238/255873/88693/91380/92518/36933/36636/15092
https://www.youtube.com//watch?v=4mqTd_eiXIQ,244,webm,173,/107361/139987/183993/132778/204471/194959/160195/145769/142543/148199/240304/282193/261253/165835/349145/470198/393566/167407/200861/196375/258933/143043/135105/257447/229993/200486/217105/211287/304872/374115/366096/333481/466175/467274/419495/233858/221292/238055/249104/173443/186774/201593/233553/223095/268684/115682/140367/93907/368466/382107/439163/460767/444020/409816/217745/140021/143000/173022/134267/160784/125266/184205/172592/168513/119257/217178/238361/512444/424781/186593/253518/168706/170319/240351/205237/160055/215261/221774/170317/125620/215723/264390/407663/347565/352887/255124/293653/264361/326272/245623/365415/322743/375480/258710/327416/325275/249131/260456/376886/436654/344267/437669/331892/209943/206501/255293/305220/221654/305802/218406/130337/126191/403513/345623/452404/334781/288636/255490/127302/123833/118727/103473/318877/328260/349030/458265/434838/204868/156259/339520/368845/146216/117918/159420/117985/177748/354660/212087/174084/185127/191514/203636/180272/193424/505204/284315/332853/156382/172220/302828/318636/304639/237478/222879/225688/213580/178052/183458/270940/258345/290534/337554/265202/260811/219975/318182/318814/282589/111258/114926/116528/27355/23629
https://www.youtube.com//watch?v=4mqTd_eiXIQ,136,mp4,174,/397201/381162/504045/444159/900790/651375/529297/481966/488395/495415/796078/776117/689789/504409/980998/1392435/1175451/485970/560663/591524/774342/447965/428083/830330/648804/556085/575205/637181/824893/1095991/1075747/936176/1399500/1244891/1229071/625881/591174/648878/727994/545233/581078/634565/688253/628174/769515/379260/452010/311382/1014774/1050307/1205868/1257875/1212223/1143354/634760/464301/528535/527733/475955/480450/416527/563367/510009/495132/398230/635395/725577/1594483/1689512/613821/766817/511995/519317/691060/547522/489425/647575/638799/553285/387869/684342/753207/1214725/1052977/979362/734718/902276/804520/1018629/745515/877892/929635/1111342/779136/967955/965026/774214/858795/1243562/1576240/1236648/1426120/988005/561390/631192/781486/1042753/697230/852024/676006/429809/395276/1208129/1077983/1522199/1010463/1700843/1822047/620420/417843/452125/379088/991973/958186/1004788/1308224/1146080/601703/490003/962536/1043726/451276/408050/536025/392701/599859/1037697/674525/717384/681012/646725/586062/535024/602588/1496398/912126/945822/534422/583383/976601/1006374/935145/686361/668585/689037/638887/515352/582601/788447/726642/801374/919884/747775/758908/627673/906696/879470/769434/353825/362405/303307/69614/68978/30645
https://www.youtube.com//watch?v=4mqTd_eiXIQ,247,webm,173,/304913/370841/513194/394744/638235/562294/482453/457945/433586/418828/708901/802840/675233/496642/903160/925161/793133/483353/533320/560463/682443/440266/432057/744099/630372/552218/589112/645686/836907/872357/921793/887146/945813/939412/897119/625434/577418/606966/666216/512041/553823/604688/687720/637659/734869/336953/418204/285604/913306/925863/926699/941863/921492/927387/580033/404390/483807/482220/397538/423453/354588/498629/469179/420940/404482/564013/644909/991815/847677/565262/745591/504168/491663/647938/521344/471631/601902/591102/514487/353225/649799/700444/1011582/948244/913650/714489/847223/748924/903558/719330/904579/868830/927407/718369/861200/926670/694583/756635/925273/1022672/865192/944534/805279/554652/612237/695523/889560/651487/841632/629767/371702/357689/938622/841994/931590/906520/951166/747693/482234/339453/322314/283117/860877/870423/914465/919472/939463/572110/465553/858026/929388/423848/405600/483858/356890/504068/848054/653704/551033/510950/580215/571398/506933/554762/1013187/767778/821397/480119/545822/809076/850119/819239/666342/645535/644920/616421/496262/502134/719107/753735/830694/886799/694138/750900/628001/887770/840366/751357/334772/348602/301366/60455/73578
https://www.youtube.com//watch?v=4mqTd_eiXIQ,298,mp4,174,/205657/179340/250799/225846/626954/396078/281151/246072/259735/269679/479426/382140/316096/262933/468919/689996/609600/261683/291647/309090/424704/228647/236266/467720/322955/301388/312944/348276/430741/601605/604434/504855/794033/700838/644818/337383/357012/343705/432898/317332/342554/366097/399482/369553/466383/199891/235957/150437/529090/533116/722906/680806/639801/565048/309798/237464/269986/297847/251250/266950/240203/326689/280502/258998/213926/331792/387584/686247/796321/303590/407080/257043/294923/338736/289767/252144/334141/338966/280802/199416/358003/412246/726156/643989/505899/414499/464971/418084/591663/413625/496069/580449/645518/421554/476674/495824/420931/399838/651601/769583/704304/789357/585574/315486/326713/389429/588010/359517/492001/382281/255806/237066/596835/595019/729462/531497/511598/722784/312444/217549/228803/192911/484813/550540/571460/753361/638082/298033/268552/541032/570632/236113/210888/263882/208566/375595/641697/344125/404336/387891/348513/326791/280099/370116/781801/503626/648081/283429/303166/535528/554821/514147/360041/363575/367461/344595/275987/317659/423518/424504/428605/492991/425541/421006/350289/513258/481999/466352/185406/192748/162180/54050/58364/22912
https://www.youtube.com//watch?v=4mqTd_eiXIQ,302,webm,173,/244841/307958/433152/335770/640907/481598/395216/387046/352789/355352/630621/674977/633439/404417/806353/1179632/944928/371118/442778/464851/687956/344602/391991/640555/524351/432924/477350/524788/700803/1635102/1644490/850905/1340237/1654840/1119528/506457/463553/493229/583561/416070/456555/501780/561459/521926/662358/279675/345872/227820/858551/887305/1639538/1110851/1038700/964278/542976/348409/409259/425601/325000/366280/317872/437575/392396/377784/267437/479867/558521/1375778/1477779/489216/637486/411762/423485/563283/447279/430591/528194/511762/420947/287054/537343/632573/1806761/856214/796820/611762/716196/622562/789013/576905/801056/774349/987134/648383/707154/756851/556514/617043/866457/1145038/1504212/1154894/817999/446811/508867/603911/783005/552971/723533/521399/312492/309776/1074491/1482839/1258299/817845/1662035/990440/377116/284654/268515/233855/673035/813052/906038/1233572/1656694/490351/391167/857534/965290/370568/348231/398781/291532/447183/865426/535073/478460/456417/482012/456841/416508/451339/1348924/691453/786545/381817/425514/840766/858877/826826/566749/551941/553385/527790/420788/425318/665345/618057/694199/818981/628861/627989/520352/759047/762171/682929/272457/283615/257971/57781/70796
https://www.youtube.com//watch?v=4mqTd_eiXIQ,299,mp4,174,/976978/744025/1001733/1018450/2245950/1452739/1137032/1043116/1089991/1061825/1729586/1523496/1338151/1100777/1835361/2534983/2244456/1017412/1162706/1246923/1609097/983139/977234/1689385/1283035/1140278/1154361/1326895/1659502/2225054/2244895/1921558/2701722/2337471/2342951/1310087/1176445/1256607/1535162/1153674/1230016/1317717/1425395/1257156/1576436/842723/1027667/725339/1913636/1983177/2303864/2364591/2288252/2149632/1333263/1044580/1196760/1178972/1082249/1059602/913002/1255090/1162690/1027603/862719/1300603/1504216/2949508/3154511/1250443/1539135/1035543/1085464/1356558/1120856/1014393/1307923/1310354/1157207/832861/1395627/1563938/2534650/2311093/1908298/1447703/1804314/1579552/2018429/1474451/1665092/1824610/2219094/1588455/1825047/1869656/1485958/1656171/2345181/3081467/2499219/2859499/2001386/1131289/1280756/1575176/2072113/1465748/1695377/1395573/977500/888167/2448082/2189568/3015277/1989157/3244932/3488813/1668623/995133/1058589/921005/1909028/1897157/2023115/2636292/2345616/1285563/1095665/1947736/2067468/1021644/955717/1114239/942210/1395077/2102464/1445079/1621721/1488856/1296390/1199420/1134341/1360860/3026651/1868233/1752337/1177823/1269910/2063959/2097277/1934920/1438806/1420185/1419572/1343520/1082245/1194950/1588533/1523090/1653031/1896226/1511448/1551108/1296684/1867613/1767587/1596631/722513/742075/544003/62669/82450/35220
https://www.youtube.com//watch?v=4mqTd_eiXIQ,303,webm,173,/793707/1022095/1443596/1224583/1955046/1563050/1338033/1272587/1306922/1174332/1982369/2098633/1931256/1317704/2482224/2766343/2358458/1260467/1403094/1515739/1978712/1244275/1190487/2000079/1637108/1413728/1497250/1810121/2308630/2644055/2667135/2485990/2717454/2723589/2605684/1659339/1476995/1587469/1814448/1474053/1542255/1705361/1835742/1701201/1952610/947464/1250684/812715/2609887/2671760/2674757/2718750/2709581/2743640/1616089/1130641/1315957/1255833/1105341/1132306/865436/1344934/1266537/1184248/943059/1470917/1754337/2900727/2500668/1844609/2071066/1444531/1483528/1839374/1304437/1122651/1626393/1648142/1423706/949353/1885389/1951756/2911538/2648135/2402566/1951860/2299307/2006258/2532774/1959341/2415557/2287206/2691033/1935210/2269850/2408849/1945069/2200642/2738990/2969604/2540788/2736801/2352757/1354264/1598596/1879659/2535561/1835509/2248635/1722386/1002232/986435/2705297/2466898/2736188/2575047/2766217/2638787/2124379/836075/821228/746106/2047451/2468573/2558700/2721034/2768084/1601531/1268145/2246061/2462828/1238954/1169791/1304658/1088817/1595765/2371281/1852195/1496828/1382762/1716785/1506605/1352713/1506155/2939616/2050610/2257077/1356249/1495534/2253982/2360029/2178737/1774277/1777316/1800688/1775484/1339013/1274402/1960860/2034740/2153776/2437266/1922710/2025984/1637719/2352447/2245598/2068713/889986/914364/714895/168068/187676
https://www.youtube.com//watch?v=wnTUo4FPPBQ,394,mp4,160,/44621/51786/43937/42079/43423/37168/37625/39273/73203/35349/37479/68988/37659/38191/34795/30113/39316/41192/65615/51467/32314/29417/28396/60950/48835/37832/54151/25755/12387/26450/53981/37663/61588/56426/46682/42247/38222/38003/52490/51661/51988/35028/39529/42269/37473/47071/41190/35105/24721/47383/39963/60890/47054/61778/38341/35782/34155/29888/62871/35634/51774/44694/29897/60302/31028/38310/36511/20721/47941/29967/26500/67956/55912/66545/45123/38562/30706/32668/35046/25888/42907/49402/32535/41275/36538/54311/36592/75767/44211/47308/58651/37241/74392/82268/40363/39844/37107/39668/46170/37592/42800/34807/31656/26734/63854/50500/35296/48378/50082/56448/69498/48946/56521/38472/68177/46891/59766/45388/45497/38381/52590/31945/68652/68333/63865/71104/40875/41099/74290/51001/47832/46345/31313/46567/36314/49964/41000/71244/42697/60427/51878/55104/49518/37213/43483/38966/46336/36463/59244/63443/37517/37043/33870/24338/62825/51602/52295/37577/37520/29618
https://www.youtube.com//watch?v=wnTUo4FPPBQ,160,mp4,160,/48066/49222/43401/48018/43900/41263/38893/39846/79281/42433/42583/88426/40933/40747/30642/24756/43564/47504/80612/67731/33177/13429/8421/67357/53812/29341/79600/17539/5827/9285/58961/38309/67609/63762/57055/51213/37551/47731/48674/44484/65714/38830/30554/39320/45496/45287/50492/28739/15567/50139/34133/71813/49105/70977/44174/37798/25827/21530/76949/38173/60844/49594/15104/66502/73524/51019/17296/8461/43991/29348/27049/83567/56278/76411/55302/45618/25074/42348/42384/10657/20296/43946/34156/44214/45920/57228/28702/74804/45977/53026/84980/46251/81004/63493/40222/48265/40814/41226/44328/39747/31972/16564/17850/12294/71103/55956/40547/42761/59067/55621/79406/66348/62770/37368/72369/48315/73247/48584/50995/37880/61801/13760/68625/87973/77644/78365/44867/40120/85315/56878/51385/22463/20417/52891/37981/48194/48402/79095/45459/70754/55243/62074/53843/40340/66312/48493/54729/44138/66963/74310/36571/42704/28270/17646/65464/63103/61484/38297/50708/16998
https://www.youtube.com//watch?v=wnTUo4FPPBQ,278,webm,159,/48642/52854/60925/43986/42974/35201/38203/42867/80452/42137/37214/81824/40175/37322/37154/38074/38639/46077/83164/59960/24492/33877/19169/66141/52792/37368/83315/20313/21121/21436/57021/37642/64663/58223/54189/47685/34686/42407/56881/54211/53385/34507/44588/74488/40629/55441/44755/43921/27521/81374/70945/66797/70665/69321/33350/36905/46207/45941/71355/36891/55282/60630/43463/74240/42375/59940/34576/22409/51488/38997/31208/74886/59100/74945/44181/38936/28793/33817/32343/29138/49329/64414/36768/53321/38719/54439/57805/80852/56633/48364/73694/38667/77041/82499/35690/42233/36653/35408/43173/35595/48045/38153/37162/29979/65402/52159/35679/53579/51405/55422/76421/54477/60823/35491/70601/46591/68281/46157/50908/35959/55349/28287/65223/78745/65437/73927/41810/35862/82615/54351/52710/57532/34406/51523/35064/47846/48508/73596/44510/64559/51498/55067/60912/39927/51684/37760/48525/39861/63230/69745/46466/81743/43135/36081/65293/57037/53157/35490/44587
https://www.youtube.com//watch?v=wnTUo4FPPBQ,395,mp4,160,/88732/115205/65424/68262/102092/85438/82371/62543/155581/57437/83568/151688/85025/88301/49383/42095/93046/94861/136058/115824/34486/26869/16927/135150/107092/40993/108757/24362/32951/19089/108737/78710/141748/111287/110725/66203/57125/63908/73851/68449/75410/57468/54918/65840/54446/71507/63147/44520/33328/81091/49308/110423/77584/138603/62854/55328/50877/47422/132450/57880/81730/80375/39629/108317/58864/55937/29365/18438/66255/47893/47511/150810/87458/139566/104833/57578/42943/58267/80698/21476/36238/77784/51669/62957/87749/126306/47927/151748/62360/113612/117396/91465/154277/114517/87253/61797/75325/86877/104080/65298/47277/28305/29967/19098/137800/122232/61304/61392/90001/124576/137385/78952/97870/77779/149739/86931/127571/101817/100558/86313/99323/18464/145721/162068/126753/150938/93935/82786/136386/119160/114754/44038/38511/100260/72408/75951/64515/142970/96316/138228/117319/122192/119469/63258/107358/58013/101949/85714/108730/112964/55073/67648/52692/36172/122292/112795/117482/83675/63694/32391
https://www.youtube.com//watch?v=wnTUo4FPPBQ,133,mp4,160,/104530/135594/90448/111492/106635/105984/118982/119516/226034/83113/112879/256506/120174/103254/62533/50150/110938/119292/181362/179890/71132/39401/23555/207153/159579/92672/140333/51032/10505/24785/155025/111672/212572/168637/164237/109915/99392/104340/104208/97394/138203/84126/67503/89131/77593/85401/93420/43714/23602/109456/74307/120545/100446/231567/119156/84852/57225/48738/148935/61431/110197/93649/30286/142029/100705/74167/31868/13450/74982/63020/58541/187457/124957/203548/122103/104746/45910/100841/109908/18057/34131/77367/55013/75024/116099/173733/47963/166455/94481/158941/200917/112826/214691/143398/111946/127055/117237/102224/131971/108260/58207/24470/27672/36425/165467/148444/103367/78045/151208/148797/226322/136283/139795/111558/228114/135381/158652/134353/139206/119738/157845/40181/183674/213307/187424/218081/128043/102928/203369/140436/119598/50159/45785/161183/107351/79245/81459/215040/128303/171250/162821/165880/176651/110488/149047/110474/164268/113357/190289/179799/80368/71546/45426/27534/167191/165030/159324/122920/99882/32543
https://www.youtube.com//watch?v=wnTUo4FPPBQ,242,webm,159,/110439/121936/83409/104538/98292/80099/81771/96879/182212/98666/88360/192927/92769/85890/55453/51515/86721/107266/192077/138130/47901/38904/21796/151844/121632/55373/183612/25367/43005/26500/132111/85863/150266/135112/125897/108989/83812/92209/106037/86563/121899/76721/57348/77149/93338/110339/112551/55161/34191/95603/67821/138327/104365/161808/85075/79819/59723/51605/164970/83870/128830/125968/41413/146966/65888/60525/31529/20278/97796/66869/69385/173271/125165/172563/103313/81747/55187/82316/79038/22060/35240/114189/84755/95630/90535/125423/44324/166800/100871/116506/159454/88468/179804/131554/82249/97890/83952/84740/96675/80007/61289/34555/32457/15551/153466/120850/79664/76987/116621/126790/182176/120570/124736/81560/162684/108100/157107/105510/121042/84748/127009/25027/149423/183204/156436/175152/95133/82816/192551/124009/122017/41679/34722/119262/77783/93539/97920/168523/102635/152730/120241/127312/140312/92510/118807/89472/113940/91827/146526/161131/68413/76443/60615/38299/140881/138386/127026/81186/94558
https://www.youtube.com//watch?v=wnTUo4FPPBQ,396,mp4,160,/177656/210627/125814/161393/166771/160849/142352/145467/310530/131217/139320/325394/134278/155228/82495/72429/163009/175554/270483/250838/88972/64530/42390/269214/189882/98172/202997/66977/83906/47484/193883/145692/277561/226809/202846/136769/144165/127411/160499/146763/189356/115434/99564/116368/132003/152237/146755/88258/54768/151024/80873/212701/124369/282100/145994/117645/110251/94549/270276/128620/205253/146561/79744/166214/87473/86461/50454/29154/144767/94260/91503/285315/183142/285551/206021/145622/77290/106181/149635/33705/55238/165161/117716/152227/172152/225668/80245/266244/163952/196838/189005/175433/326908/227911/149842/142948/159722/162474/165309/134613/95442/48463/50820/49897/222410/225515/134078/116826/181528/208081/273181/175062/204966/148123/304152/167889/235176/188830/172408/138644/218068/42086/287258/360214/266611/317375/169313/163190/270506/216288/188843/77281/71636/166578/131214/133157/139662/334969/169071/270058/197532/227884/204429/161047/226889/119130/194959/162537/207556/233031/112213/114755/92170/58197/248675/228622/236942/156952/138139/51149
https://www.youtube.com//watch?v=wnTUo4FPPBQ,134,mp4,160,/195804/288559/142742/193475/262615/229768/232521/216762/412610/156988/249934/507993/235064/223632/87786/70021/229917/277090/363670/372449/138258/60907/46007/378882/331936/157600/293255/110570/25490/34606/334880/194317/374994/294583/352924/184963/168520/175785/179218/152425/262913/146863/99771/132933/182176/171195/224524/85698/40049/155803/124033/260684/169483/415735/201094/137105/116597/94263/260396/109566/217246/233288/74292/241712/175753/116589/58003/23250/149949/94403/105802/308079/216510/419181/271964/224520/82597/176674/231437/29629/58224/142552/112558/148160/243687/325365/93442/294531/141752/291009/363370/242073/451994/260967/190306/219313/199139/225761/260424/200584/102208/40007/46810/85763/262794/312814/167474/135558/262235/273041/421219/225377/251033/196095/494604/278718/293788/284734/294932/225036/281068/88906/355895/488834/377372/380695/246840/242945/368422/293874/287195/70726/66630/290399/191014/134912/146323/440164/292440/383248/317581/364278/344133/238976/314157/190417/320924/241451/321519/334692/134914/119773/75778/46557/299837/351417/366831/267024/182120/46499
https://www.youtube.com//watch?v=wnTUo4FPPBQ,243,webm,159,/206221/220051/132637/158576/180841/151685/148090/177582/343219/160285/158961/354695/170960/156088/87271/79538/156274/194580/350154/252677/110857/82655/41872/277252/219252/96218/335202/48601/78079/43927/240828/153820/275054/243584/233830/171086/148995/159430/171383/140921/228121/124682/91537/124353/170430/186728/208190/85134/54998/154301/104807/229504/169864/303500/150534/126483/104621/91438/296992/140874/223217/216797/76417/232337/98268/99304/52022/31602/157706/106943/119033/298547/199795/315309/191829/153115/90260/151972/149206/35583/55123/203115/153859/162100/165753/229854/73324/264771/159032/212157/295585/164291/325490/214137/149975/176473/154642/155676/183927/143840/101263/49089/49679/32139/252433/221277/138303/117392/219234/230132/333319/205648/205456/148730/302228/200181/283641/192190/214556/155611/232611/51313/272877/335486/280050/314585/179022/152830/352624/228548/221897/73434/59291/216061/142467/140771/157909/304256/187019/279817/219644/236280/261070/170960/215664/158354/209391/169269/265276/293076/110646/114306/91426/60419/279109/253278/230382/149888/164746
https://www.youtube.com//watch?v=wnTUo4FPPBQ,397,mp4,160,/358751/378929/210536/324023/330122/293124/264433/314910/543938/234406/274098/580885/280775/290286/132824/119309/284270/323337/463783/444357/180171/140297/94806/413455/363212/169776/418284/132231/171346/104966/377969/242854/475520/385481/373104/247892/221326/233167/277836/237153/344012/204508/169360/215059/268425/282491/290849/147125/85800/232564/121166/318066/267136/473886/241388/193507/208042/171153/444217/229382/331773/313554/161945/330714/147168/137651/81877/44607/242605/160094/174043/447843/297816/482061/363511/260247/130659/232016/273609/53174/88247/304729/221766/270336/314242/409539/130594/443148/275137/359159/410662/310640/556318/352297/245621/254746/286955/281586/353378/240809/157142/74458/78497/97017/343505/401868/214027/181006/331941/388618/488266/259392/303487/253508/490331/343651/428442/336622/333668/277837/367035/110146/473022/635738/385142/466446/299427/278960/461978/393697/374105/134685/122405/317493/240444/213478/236687/524875/317426/528412/370254/373501/368928/325690/418291/232976/305944/318327/416550/429213/193150/182511/148652/91598/387445/370931/385416/275902/236203/81147
https://www.youtube.com//watch?v=wnTUo4FPPBQ,135,mp4,160,/377957/530572/165837/292148/422072/341784/312941/353689/673047/185616/295934/720560/310346/326592/126872/104287/358213/472055/588539/553943/226830/109674/62660/564274/490159/194233/521096/127002/48024/64607/410957/274299/539107/359334/493364/207730/233666/216427/206594/184364/322209/165312/136641/180352/257479/229208/321640/122813/59754/206654/163142/320840/210701/611143/301577/168495/137636/107548/424617/166898/366986/320214/92151/275411/239842/160149/82931/34834/188366/121906/128140/370862/242133/527309/459146/309609/116358/246935/367424/43500/80739/253706/166345/195926/379354/435722/121113/446005/199537/393397/448275/376646/572683/395452/265341/266127/286085/301523/381788/278762/139905/56258/68910/99280/325418/449288/207766/198155/301952/454357/598605/288747/286590/282945/579579/345184/505628/477328/557508/307318/334125/102101/473393/716353/482056/557777/345026/323367/699381/478237/514044/103911/91391/343595/291072/195778/213141/593645/425138/694619/464213/546203/585531/273668/573037/263882/441735/393215/386605/453765/157743/170706/110242/65005/499623/458995/506629/341820/297875/67963
https://www.youtube.com//watch?v=wnTUo4FPPBQ,244,webm,159,/269857/355449/158337/268023/333022/273672/289063/209664/622021/223365/219303/595418/316778/281259/120113/91492/286277/348573/576993/351717/172632/127384/185696/478945/334478/146475/424768/110828/178948/82825/343497/201974/489983/341169/374200/244907/214567/229588/245290/208420/384821/161034/125035/181271/243724/300495/282976/116036/76026/204530/135532/327209/252315/532966/247277/181451/144117/118521/399549/170481/322119/332655/115231/322478/137961/119664/68747/41989/231055/135388/162275/305823/288091/487264/321446/288455/131737/213414/219439/46969/75326/325988/181869/223442/272914/423678/102137/474643/182299/340058/429110/278762/561171/324072/201785/252006/238614/238123/320473/251826/120869/64381/68466/59992/303627/375863/197038/166766/320418/344789/507054/260684/315749/249237/525369/326115/442112/327884/369864/280444/327104/80079/363539/596210/418575/453901/332144/260581/568575/386915/405201/97333/87746/327388/257277/176892/218695/536323/325919/504958/398057/372506/412325/247833/320320/227623/302562/257899/362733/450738/151245/156469/111672/79971/487251/378974/350345/245674/319310
https://www.youtube.com//watch?v=wnTUo4FPPBQ,136,mp4,160,/1067945/1426013/551234/823145/1411123/1150513/949759/1079963/2080250/571271/919009/2238394/962806/1088631/417914/354005/1077055/1519991/1948003/1838162/702178/379091/253728/1783283/1559513/602746/1564220/449428/197275/256023/1236562/879183/1712265/1090849/1691105/705626/761217/696868/656977/651813/1034725/545511/484694/671276/770004/736075/945445/377527/195331/743795/456510/1020628/717973/1967224/937639/573946/583968/488876/1350758/598834/1001929/1156087/465198/930659/641526/432150/355285/160019/590368/422366/438938/1187960/837786/1684429/1503115/848415/382477/663655/1226093/137570/272533/757291/557138/653127/1254211/1491983/377520/1202174/619528/1301451/1319273/1222444/1689898/1106631/836225/784202/962616/1007421/1215119/844053/466419/180252/221274/360732/933420/1476114/696969/594627/909026/1141330/1843252/842983/895899/854006/1766920/1020995/1374188/1394798/1454801/970721/1042264/393705/1459809/2417161/1393868/1658179/1120107/1101209/1836883/1441214/1460087/412097/345964/1051983/841160/587196/630509/2007827/1537513/2581964/1420603/1954340/1638711/869264/2178878/709622/1330885/1329394/1182982/1237190/543856/484087/337319/198434/1428747/1279204/1727389/1095993/952471/220991
https://www.youtube.com//watch?v=wnTUo4FPPBQ,247,webm,159,/741881/810617/488897/589806/644089/547735/543001/529461/1131485/573646/565059/1220179/625556/532466/312070/271933/543260/501112/809487/899110/572264/392850/246476/909396/765326/504028/1295844/338386/254479/322866/877582/431216/906829/912918/826623/570316/531602/569894/595754/503867/903528/452569/356803/475877/643412/706069/822663/301396/167825/559626/344237/884513/653985/1037228/485109/448129/524550/461495/660534/486194/826574/1090633/517117/806910/397689/331425/193221/88568/555662/369240/419761/1044668/688936/1168305/563970/545586/334650/515843/512752/105733/181026/812258/547729/592455/619353/834287/289969/996627/522423/695391/1071431/607036/1196835/834261/567786/671931/567633/576589/685911/528244/362648/140859/155211/303336/835367/819713/502700/390568/719465/852980/1078506/681750/688379/551086/1097269/704149/1086761/717086/694525/499021/867260/331539/981578/1241792/701554/1143691/636079/547714/1298685/867121/804145/312955/273005/786912/420702/428864/514600/1070060/632982/965209/809379/861341/785311/606444/802301/434030/753204/640591/853342/1085609/377446/372166/265385/167911/857539/936219/847331/555946/529355
https://www.youtube.com//watch?v=wnTUo4FPPBQ,398,mp4,160,/1326847/1429848/593200/1122977/1248644/1090099/938190/1027848/1903666/642269/912991/1868851/953597/967523/361407/345173/1069421/1344068/1706393/1555294/611377/462912/438899/1525278/1433359/555196/1539224/424734/411790/454023/1249295/893833/1602445/1200923/1316153/726896/653518/717164/838281/632335/1091821/557785/457244/594246/899715/823051/1085587/343875/201045/669309/314624/1016770/750679/1551405/794412/509405/683878/556462/1452591/622799/1127978/1281548/632440/1063327/425219/365529/218455/112622/709184/529802/521572/1270927/825303/1685074/1366237/809246/389736/780210/944216/131580/218029/987171/659942/729553/1124750/1406097/327750/1268320/620251/1092882/1333286/1128697/1737581/1061775/723270/848581/770877/861022/1134716/782566/428732/172853/198227/288925/1071449/1283358/605753/477517/941744/1178982/1513306/840506/873349/771719/1664387/978504/1729665/1288335/1232934/940708/1135543/341633/1333559/1994511/1275977/1678814/979355/1023563/1874015/1440260/1388346/399015/329658/1161648/772578/561627/640786/1825879/1137642/1483787/1363682/1539899/1492694/976516/1425070/773063/1220320/1199677/1284533/1459485/534830/477952/359903/206914/1439449/1415119/1414507/1000859/868395/193191
https://www.youtube.com//watch?v=wnTUo4FPPBQ,298,mp4,160,/574038/822732/356974/566557/744562/588022/506968/619225/1167771/344000/459528/1152134/491252/557148/261299/236223/565658/773729/1069972/919814/506593/239189/107762/905556/783809/342869/817749/244759/100332/144421/647151/448135/867323/565880/864223/408796/411481/366864/377033/377667/567955/298952/285684/397266/399259/381759/496054/262140/128687/455196/265736/555922/410174/1013698/524717/330855/275473/224188/778472/315986/513265/521672/226705/577685/398399/280050/194696/90482/350045/260690/249175/652911/465267/879178/773823/436216/230015/341748/666097/82987/168088/424782/313120/400723/631634/767402/255904/665813/347483/680008/738021/625880/966307/598853/456417/426484/499561/502947/598783/446170/293387/114808/153583/215311/498087/764114/379790/353834/499351/658575/979910/477521/504332/449505/903966/553760/850218/792864/851146/488117/555270/201539/792228/1213937/767400/886588/591191/548586/1043635/915285/817975/241136/192659/556206/464533/343610/378856/1236912/809792/1353323/758669/968203/890142/488242/1245937/403322/841348/822876/650206/685188/339089/347221/218605/125247/885688/658810/863407/524927/538240/162406
https://www.youtube.com//watch?v=wnTUo4FPPBQ,302,webm,159,/776863/1382394/423779/582262/1013471/955362/877542/764418/1698461/529893/755959/1923042/910775/656049/257451/245758/875917/1289436/1589719/1512134/409302/325353/431501/1376899/1266560/362734/1385640/247346/321514/452235/981270/510435/1359989/883393/1098231/494424/602297/664359/527701/417550/755374/370436/327769/394285/595256/569780/714513/239056/155903/525018/287850/758094/528348/1479148/721924/371199/398552/342773/1013549/416017/759547/837854/351892/734724/345069/276960/176083/89856/454908/292456/337789/867906/591226/1316193/1150703/664933/268666/572277/865897/98984/160037/620152/448765/493121/987805/1329700/258699/806402/433582/1026813/967464/987706/1542206/728085/726572/653452/794837/794462/966232/637602/325988/137997/156825/310933/682967/1130152/493631/323590/660741/909814/1338327/620409/668459/608423/1455727/841500/1362304/1221262/921253/838034/874458/215213/1005785/1837563/1045164/1364401/1149581/869285/1738957/1315067/1417887/258910/219064/838994/445201/364542/442869/1825436/1166021/1768050/1230403/1457131/1253621/752778/1399571/619406/1223061/1071364/952718/980766/404131/349098/261487/159731/1422338/1050605/1383425/932830/870878
https://www.youtube.com//watch?v=wnTUo4FPPBQ,399,mp4,160,/2523139/2781156/1134339/2027503/2389186/1960744/1591744/1847947/3662203/1194838/1659521/3446522/1623177/1716692/647194/622914/1797262/2600944/3412132/2893549/1272955/978524/867330/2655869/2637728/1080103/3046344/944782/823274/897790/2239906/1529846/2833841/1985997/2528105/1295545/1136107/1248915/1453848/1160652/1921499/978767/806680/1087775/1768296/1502043/1934432/620067/366562/1275424/798929/1945062/1526423/2902554/1390982/884958/1311733/1150439/2666741/1151001/2043811/2628792/1296991/2086051/1218080/947776/463165/232397/1348037/886225/943711/2265108/1396141/2991747/2342730/1451717/708670/1433684/1791719/264403/429713/1839834/1203585/1436038/2036405/2541820/655360/2452320/1168573/1864305/2395575/2009941/3168223/1925839/1198325/1475710/1500380/1555134/1955272/1426427/1132819/349337/377036/662622/1903329/2153193/1049399/828994/1618764/2185368/2728330/1490892/1561564/1377874/2847610/1835620/3365728/2458262/2538075/1660753/1878264/746854/2520802/3403358/2311151/2898202/1666200/1724272/3500701/2835795/2801699/788603/629747/2010783/1320029/924215/1167650/3414134/2121659/2797867/2367338/3104978/2904849/1792294/2638281/1473644/2430086/2358411/2381540/2605962/979433/900923/667745/392458/2722420/2532984/2637983/1852772/1706643/400008
https://www.youtube.com//watch?v=wnTUo4FPPBQ,299,mp4,160,/2125519/2753102/1204662/1580009/2507181/1764676/1568666/1996078/3718505/1100188/1497277/3510303/1517645/1715108/818213/768304/1706815/2508051/3644706/2837463/1271636/727225/457322/2806260/2470895/1207721/3248617/895305/321161/451261/2027789/1384301/2668381/1791194/2707880/1316450/1214601/1199874/1259706/1279296/1935875/970310/957894/1415508/1462665/1461626/1747482/739895/383053/1582487/1000110/1950663/1485077/3237198/1581876/1066349/1245797/1081277/2363121/1058340/1794380/2383433/1127667/1971810/1363097/974195/820253/381984/1216359/854175/913827/2120441/1473734/2779015/2212277/1467191/794343/1148449/2004251/302068/582547/1423014/994949/1319337/1922347/2375359/810963/2233317/1134820/2006379/2215440/1875449/3164401/1998240/1302208/1274656/1516791/1537089/1915141/1343166/944667/394595/507303/726753/1683949/2318096/1183219/1052870/1512919/1970311/3011430/1459836/1536175/1361570/2883709/1726491/2919746/2902974/3076417/1604139/1737922/803333/2409798/3579148/2221815/2682044/1738570/1673518/3426234/3007838/2868342/933225/677156/1723575/1302711/980586/1199620/4011529/2667717/3956983/2441415/3150463/2912935/1599315/3077391/1359647/2774349/2427467/2155625/2181044/1136047/1078230/798429/427557/2772720/2075505/2675515/1711263/1617266/530089
https://www.youtube.com//watch?v=wnTUo4FPPBQ,303,webm,159,/1865959/2406934/1332804/1365427/1764283/1614585/1577771/1311585/3104593/1404992/1650651/3315581/1563067/1337402/719723/700535/1712947/1865313/2871390/2423515/1216550/1205608/598513/2837549/2170709/1271338/3794731/798643/402496/529224/2272856/1200695/2673693/2132620/2284840/1373189/1234657/1382904/1479350/1230347/2092588/1017758/916820/1188698/1711788/1821469/2072491/668947/373637/1567340/1096052/2155358/1705179/2734812/1366500/992669/1410946/1267411/2231361/1029551/2067844/2228987/1500153/2085404/1475227/1108050/592801/238558/1365367/846743/1004343/2343757/1590118/3317727/1976386/1419743/826060/1349094/1454769/291519/504326/1965995/1302910/1693217/1759699/2221041/848949/2527892/1210754/1997675/2556769/1683315/3512722/2218791/1419112/1586719/1634005/1596679/1923313/1250791/944696/351722/399788/767021/1964554/2368085/1141694/885592/1656461/2460290/2652683/1623566/1641429/1528736/3202415/1995565/3183744/2086785/1899316/1535238/2110253/988479/2502921/3371605/2383821/2789599/1885578/1640457/3583708/2273233/2363531/892501/698202/2061922/834852/896888/1164004/3169327/1898005/2968687/2355577/2544719/1643019/1788636/2360139/1048006/2244627/1820966/2678845/2945118/869891/954153/661698/408116/2572906/2512604/2389608/1515281/1944341
